<?xml version="1.0" encoding="UTF-8"?>
<body>
	<header>
		<lastUpdateDate>
			2019/09/20 00:00:00
		</lastUpdateDate>
		<fileVer>
			001_008_00000
		</fileVer>
		<residentArea>
			4001
		</residentArea>
	</header>

	<data>
		<os type="iOS">
			<appInfo>
				<name>
					<en-gb>Health</en-gb>
				</name>
				<imageFile>dummy</imageFile>
				<displayOrder>1</displayOrder>
				<webApp>1</webApp>
				<bundleID>dummy</bundleID>
				<appID>dummy</appID>
				<delete>0</delete>
				<metaIndex>
					<category id="0x0000">
						<device id="def">0x0003,0x0006,0x0008</device>
						<device id="011">0x0003,0x0006,0x0007,0x0008</device>
						<device id="012">0x0003,0x0006,0x0007,0x0008</device>
						<device id="013">0x0003,0x0006,0x0007</device>
						<device id="014">0x0003,0x0006,0x0007</device>
						<device id="015">0x0003,0x0006,0x0007</device>
						<device id="016">0x0003,0x0006,0x0007</device>
						<device id="017">0x0003,0x0006,0x0007</device>
						<device id="018">0x0003,0x0006,0x0007</device>
						<device id="019">0x0003,0x0006,0x0007</device>
						<device id="020">0x0003,0x0006,0x0007</device>
						<device id="021">0x0003,0x0006,0x0007</device>
						<device id="022">0x0003,0x0004,0x0006,0x0007</device>
						<device id="023">0x0003,0x0004,0x0006,0x0007</device>
						<device id="039">0x0003,0x0004,0x0006,0x0007</device>
						<device id="040">0x0003,0x0004,0x0006,0x0007</device>
						<device id="041">0x0003,0x0006,0x0007,0x0008,0x0010</device>
						<device id="044">0x0003,0x0006,0x0007</device>
						<device id="048">0x0003,0x0004,0x0006,0x0007,0x0008</device>
						<device id="055">0x0003,0x0006,0x0007,0x0008</device>
						<device id="096">0x0003,0x0006,0x0007,0x0008</device>
						<device id="097">0x0003,0x0006,0x0007,0x0008</device>
						<device id="098">0x0003,0x0006,0x0007,0x0008</device>
						<device id="099">0x0003,0x0006,0x0007,0x0008,0x0023,0x0026</device>
						<device id="100">0x0003,0x0006,0x0007,0x0008,0x0023,0x0026</device>
						<device id="101">0x0003,0x0006,0x0007,0x0008,0x0023,0x0026</device>
						<device id="108">0x0003,0x0004,0x0006,0x0007</device>
					</category>
					<category id="0x0001">
						<device id="def">0x0101,0x0102,0x0104,0x0105,0x0107,0x0108,0x0109,0x010A,0x010F,0x0110,0x0112</device>
						<device id="086">0x0101,0x0102,0x0104,0x0105,0x0108,0x0109,0x010A,0x010F,0x0110,0x0112</device>
						<device id="069">0x0101,0x0102,0x0104,0x0105,0x0108,0x0109,0x010A,0x010F,0x0110,0x0112</device>
					</category>
					<category id="0x0002">
						<device id="def">0x0201,0x0203,0x0204,0x0206,0x0222,0x0223,0x0224,0x0225,0x0226,0x0240,0x0241,0x0242,0x0243,0x0244,0x0245,0x0246,0x0247,0x0248,0x0249,0x024A,0x024B,0x024C</device>
						<device id="024">0x0201,0x0202,0x0221,0x0240,0x0241</device>
						<device id="039">0x0201,0x0202,0x0221,0x0240,0xF001</device>
					</category>
					<category id="0x000E">
						<device id="def">0x0E01,0x0E02,0x0E03,0x0E04,0x0E05</device>
					</category>
				</metaIndex>
			</appInfo>
		</os>
	</data>
</body>
