<?xml version="1.0" encoding="UTF-8"?>
<body>
	<header>
		<lastUpdateDate>
			2019/10/28 00:00:00
		</lastUpdateDate>
		<fileVer>
			001_009_00000
		</fileVer>
	</header>

	<data>
		<device id="004">
            <displayName>HEM-7280T</displayName>
            <deviceType>HEM-7280T-AP</deviceType>
            <category>0x0000</category>
            <variety>HEM-1</variety>
            <seqcheck>No</seqcheck>
            <standard>WLP</standard>
            <maxID>2</maxID>
            <deviceRegist>1</deviceRegist>
            <classifiedDeviceID>0x0000</classifiedDeviceID>
            <internalClassifiedDeviceID>0x0413</internalClassifiedDeviceID>
            <bleScanLocalName>^BLE[s|S]mart_00000413.*</bleScanLocalName>
            <bleChipName>caomei</bleChipName>
            <sspMode>justworks</sspMode>
            <deviceHelp     >https://www.omronconnect.com/app2/faq_device/hem_7280t_ap/*****/index.html</deviceHelp>
            <deviceHelpJapan>https://www.omronconnect.com/app2/faq_device/hem_7280t_ap/*****/index.html</deviceHelpJapan>
            <language>
                <item>en-gb</item>
                <item>zh-cn</item>
                <item>zh-tw</item>
                <item>fr-def</item>
                <item>it-def</item>
                <item>es-def</item>
                <item>de-def</item>
                <item>ko-def</item>
                <item>nl-def</item>
                <item>pl-def</item>
                <item>sv-def</item>
                <item>tr-def</item>
                <item>pt-def</item>
            </language>
            <pinCodeInput>No</pinCodeInput>
            <userInput>
                <birthDay>00</birthDay>
                <height>00</height>
                <weight>00</weight>
                <gender>00</gender>
                <walkStride>00</walkStride>
                <userArea>00</userArea>
                <bodyTemperatureAlarm>00</bodyTemperatureAlarm>
                <weightReductionTarget>00</weightReductionTarget>
            </userInput>
            <userInputRange>
                <birthDay>
                    <min>19000101</min>
                    <max>20401231</max>
                </birthDay>
            </userInputRange>
            <setting>
                <name id="User ID">
                    <order>001</order>
                </name>
            </setting>
            <vitalData section="1">
                <index id="0x0001">
                    <unit>0x5003</unit>
                    <order>1</order>
                </index>
                <index id="0x0002">
                    <unit>0x5003</unit>
                    <order>2</order>
                </index>
                <index id="0x0003">
                    <order>3</order>
                </index>
            </vitalData>
            <vitalData section="2">
                <index id="0x0006">
                    <order>1</order>
                </index>
                <index id="0x0008">
                    <order>2</order>
                </index>
            </vitalData>
            <unitConvert>
                <fromUnit id="0x5010">
                    <toUnit id="0x5003">
                        <formula>            </formula>
                    </toUnit>
                </fromUnit>
                <fromUnit id="0x5003">
                    <toUnit id="0x5010">
                        <formula>            </formula>
                    </toUnit>
                </fromUnit>
            </unitConvert>
            <bgBle>No</bgBle>
            <targetOS type="Android">
                <osVer Ver="DEFAULT">
                    <bleConnectionTimeOut>0</bleConnectionTimeOut>
                    <bleFirstConnectionWaitTimeOut>500</bleFirstConnectionWaitTimeOut>
                    <bleSystemCommunicationTimeOut>10</bleSystemCommunicationTimeOut>
                    <bleSystemCommunicationRetryCount>3</bleSystemCommunicationRetryCount>
                    <bleCommunicationPreparationTimeOut>60</bleCommunicationPreparationTimeOut>
                    <bleDuplicateConnection>NO</bleDuplicateConnection>
                    <ogscWlCommandSendTimeOut>10</ogscWlCommandSendTimeOut>
                    <ogscWlCommandSendRetryCount>3</ogscWlCommandSendRetryCount>
                    <ogscConnectionCancelDelayTime>0</ogscConnectionCancelDelayTime>
                    <ogscTimeUpdateRule>0</ogscTimeUpdateRule>
                </osVer>
            </targetOS>
            <targetOS type="iOS">
                <osVer Ver="DEFAULT">
                    <bleConnectionTimeOut>0</bleConnectionTimeOut>
                    <bleFirstConnectionWaitTimeOut>500</bleFirstConnectionWaitTimeOut>
                    <bleSystemCommunicationTimeOut>10</bleSystemCommunicationTimeOut>
                    <bleSystemCommunicationRetryCount>3</bleSystemCommunicationRetryCount>
                    <bleCommunicationPreparationTimeOut>60</bleCommunicationPreparationTimeOut>
                    <bleDuplicateConnection>NO</bleDuplicateConnection>
                    <ogscWlCommandSendTimeOut>10</ogscWlCommandSendTimeOut>
                    <ogscWlCommandSendRetryCount>3</ogscWlCommandSendRetryCount>
                    <ogscConnectionCancelDelayTime>0</ogscConnectionCancelDelayTime>
                    <ogscTimeUpdateRule>0</ogscTimeUpdateRule>
                </osVer>
            </targetOS>
            <indexInfo>0x0001,0x0002,0x0003</indexInfo>
            <order>049</order>
            <registScanMaxTimeout>60</registScanMaxTimeout>
            <registScanMinTimeout>5</registScanMinTimeout>
            <deviceScanTimeout>30</deviceScanTimeout>
            <deviceConnectTimeout>60</deviceConnectTimeout>
            <registrationType>0</registrationType>
        </device>
        
        <device id="025">
            <displayName>HEM-7600T</displayName>
            <displaySubName>Color Black</displaySubName>
            <deviceType>HEM-7600T</deviceType>
            <otherDeviceTypes>
                <area code="AU">HEM-7600T-AP3</area>
                <area code="VN">HEM-7600T-AP3</area>
                <area code="SG">HEM-7600T-AP3</area>
                <area code="MY">HEM-7600T-AP3</area>
                <area code="TH">HEM-7600T-AP3</area>
                <area code="ID">HEM-7600T-AP3</area>
                <area code="PH">HEM-7600T-AP3</area>
                <area code="NZ">HEM-7600T-AP3</area>
                <area code="IN">HEM-7600T-AP3</area>
                <area code="MM">HEM-7600T-AP3</area>
                <area code="BD">HEM-7600T-AP3</area>
            </otherDeviceTypes>
            <category>0x0000</category>
            <variety>HEM-3</variety>
            <seqcheck>No</seqcheck>
            <standard>WLP</standard>
            <maxID>1</maxID>
            <deviceRegist>1</deviceRegist>
            <classifiedDeviceID>0x0000</classifiedDeviceID>
            <internalClassifiedDeviceID>0x001F</internalClassifiedDeviceID>
            <bleScanLocalName>^BLEsmart_0000001F.*</bleScanLocalName>
            <bleChipName>putao</bleChipName>
            <sspMode>justworks</sspMode>
            <deviceHelp      os="Android">https://www.omronconnect.com/app2/faq_device/hem_7600t/*****/index.html</deviceHelp>
            <deviceHelp      os="iOS"    >https://www.omronconnect.com/app2/faq_device/hem_7600t/*****/index.html</deviceHelp>
            <deviceHelpJapan os="Android">https://www.omronconnect.com/app2/faq_device/hem_7600t/*****/index.html</deviceHelpJapan>
            <deviceHelpJapan os="iOS"    >https://www.omronconnect.com/app2/faq_device/hem_7600t/*****/index.html</deviceHelpJapan>
            <language>
                <item>en-gb</item>
                <item>fr-def</item>
                <item>it-def</item>
                <item>es-def</item>
                <item>de-def</item>
                <item>ja-def</item>
                <item>zh-tw</item>
                <item>ko-def</item>
                <item>nl-def</item>
                <item>zh-cn</item>
                <item>pl-def</item>
                <item>sv-def</item>
                <item>tr-def</item>
                <item>pt-def</item>
            </language>
            <pinCodeInput>No</pinCodeInput>
            <userInput>
                <birthDay>00</birthDay>
                <height>00</height>
                <weight>00</weight>
                <gender>00</gender>
                <walkStride>00</walkStride>
                <userArea>00</userArea>
                <bodyTemperatureAlarm>00</bodyTemperatureAlarm>
                <weightReductionTarget>00</weightReductionTarget>
            </userInput>
            <setting>
            </setting>
            <vitalData section="1">
                <index id="0x0001">
                    <unit>0x5003</unit>
                    <order>1</order>
                </index>
                <index id="0x0002">
                    <unit>0x5003</unit>
                    <order>2</order>
                </index>
                <index id="0x0003">
                    <order>3</order>
                </index>
            </vitalData>
            <vitalData section="2">
                <index id="0x0006">
                    <order>1</order>
                </index>
                <index id="0x0007">
                    <order>2</order>
                </index>
                <index id="0x0008">
                    <order>3</order>
                </index>
            </vitalData>
            <unitConvert>
                <fromUnit id="0x5010">
                    <toUnit id="0x5003">
                        <formula>            </formula>
                    </toUnit>
                </fromUnit>
                <fromUnit id="0x5003">
                    <toUnit id="0x5010">
                        <formula>            </formula>
                    </toUnit>
                </fromUnit>
            </unitConvert>
            <bgBle>Yes</bgBle>
            <targetOS type="Android">
                <osVer Ver="DEFAULT">
                    <bleConnectionTimeOut>0</bleConnectionTimeOut>
                    <bleFirstConnectionWaitTimeOut>500</bleFirstConnectionWaitTimeOut>
                    <bleSystemCommunicationTimeOut>10</bleSystemCommunicationTimeOut>
                    <bleSystemCommunicationRetryCount>3</bleSystemCommunicationRetryCount>
                    <bleCommunicationPreparationTimeOut>60</bleCommunicationPreparationTimeOut>
                    <bleDuplicateConnection>NO</bleDuplicateConnection>
                    <ogscWlCommandSendTimeOut>10</ogscWlCommandSendTimeOut>
                    <ogscWlCommandSendRetryCount>3</ogscWlCommandSendRetryCount>
                    <ogscConnectionCancelDelayTime>0</ogscConnectionCancelDelayTime>
                    <ogscTimeUpdateRule>0</ogscTimeUpdateRule>
                    <bgBleTime>1,10,60,180,360,720</bgBleTime>
                </osVer>
            </targetOS>
            <targetOS type="iOS">
                <osVer Ver="DEFAULT">
                    <bleConnectionTimeOut>0</bleConnectionTimeOut>
                    <bleFirstConnectionWaitTimeOut>500</bleFirstConnectionWaitTimeOut>
                    <bleSystemCommunicationTimeOut>10</bleSystemCommunicationTimeOut>
                    <bleSystemCommunicationRetryCount>3</bleSystemCommunicationRetryCount>
                    <bleCommunicationPreparationTimeOut>60</bleCommunicationPreparationTimeOut>
                    <bleDuplicateConnection>NO</bleDuplicateConnection>
                    <ogscWlCommandSendTimeOut>10</ogscWlCommandSendTimeOut>
                    <ogscWlCommandSendRetryCount>3</ogscWlCommandSendRetryCount>
                    <ogscConnectionCancelDelayTime>0</ogscConnectionCancelDelayTime>
                    <ogscTimeUpdateRule>0</ogscTimeUpdateRule>
                    <bgBleTime>1,10,60,180,360,720</bgBleTime>
                </osVer>
            </targetOS>
            <indexInfo>0x0001,0x0002,0x0003</indexInfo>
            <order>055</order>
            <registScanMaxTimeout>60</registScanMaxTimeout>
            <registScanMinTimeout>5</registScanMinTimeout>
            <deviceScanTimeout>30</deviceScanTimeout>
            <deviceConnectTimeout>60</deviceConnectTimeout>
            <registrationType>0</registrationType>
        </device>
        
        <device id="047">
            <displayName>HEM-6232T</displayName>
            <deviceType>HEM-6232T-AP</deviceType>
            <otherDeviceTypes>
                <area code="JP">HEM-6232T</area>
                <area code="MX">HEM-6232T-LA</area>
                <area code="AR">HEM-6232T-LA</area>
                <area code="CL">HEM-6232T-LA</area>
                <area code="CO">HEM-6232T-LA</area>
                <area code="PE">HEM-6232T-LA</area>
                <area code="UY">HEM-6232T-LA</area>
                <area code="EC">HEM-6232T-LA</area>
                <area code="UY">HEM-6232T-LA</area>
                <area code="PA">HEM-6232T-LA</area>
                <area code="GT">HEM-6232T-LA</area>
                <area code="CR">HEM-6232T-LA</area>
                <area code="BO">HEM-6232T-LA</area>
                <area code="PY">HEM-6232T-LA</area>
                <area code="NI">HEM-6232T-LA</area>
                <area code="SV">HEM-6232T-LA</area>
                <area code="HN">HEM-6232T-LA</area>
                <area code="DO">HEM-6232T-LA</area>
                <area code="BR">HEM-6232T-BR</area>
            </otherDeviceTypes>
            <category>0x0000</category>
            <variety>HEM-4</variety>
            <seqcheck>Yes</seqcheck>
            <standard>WLP</standard>
            <maxID>2</maxID>
            <deviceRegist>1</deviceRegist>
            <classifiedDeviceID>0x0000</classifiedDeviceID>
            <internalClassifiedDeviceID>0x0044</internalClassifiedDeviceID>
            <bleScanLocalName>^BLE[s|S]mart_00000044.*</bleScanLocalName>
            <bleChipName>putaoPF2</bleChipName>
            <sspMode>justworks</sspMode>
            <deviceHelp     >https://www.omronconnect.com/app2/faq_device/hem_6232t/*****/index.html</deviceHelp>
            <deviceHelpJapan>https://www.omronconnect.com/app2/faq_device/hem_6232t/*****/index.html</deviceHelpJapan>
            <language>
                <item>en-gb</item>
                <item>zh-tw</item>
                <item>ja-def</item>
                <item>ko-def</item>
                <item>fr-def</item>
                <item>it-def</item>
                <item>es-def</item>
                <item>de-def</item>
                <item>nl-def</item>
                <item>pl-def</item>
                <item>sv-def</item>
                <item>tr-def</item>
                <item>pt-def</item>
            </language>
            <pinCodeInput>No</pinCodeInput>
            <userInput>
                <birthDay>01</birthDay>
                <height>00</height>
                <weight>00</weight>
                <gender>00</gender>
                <walkStride>00</walkStride>
                <userArea>00</userArea>
                <bodyTemperatureAlarm>00</bodyTemperatureAlarm>
                <weightReductionTarget>00</weightReductionTarget>
                <birthDaySkip>01</birthDaySkip>
            </userInput>
            <setting>
                <name id="User ID">
                    <order>001</order>
                </name>
            </setting>
            <vitalData section="1">
                <index id="0x0001">
                    <unit>0x5003</unit>
                    <order>1</order>
                </index>
                <index id="0x0002">
                    <unit>0x5003</unit>
                    <order>2</order>
                </index>
                <index id="0x0003">
                    <order>3</order>
                </index>
            </vitalData>
            <vitalData section="2">
                <index id="0x0004">
                    <order>4</order>
                </index>
                <index id="0x0006">
                    <order>1</order>
                </index>
                <index id="0x0007">
                    <order>2</order>
                </index>
                <index id="0x0008">
                    <order>3</order>
                </index>
            </vitalData>
            <unitConvert>
                <fromUnit id="0x5010">
                    <toUnit id="0x5003">
                        <formula>            </formula>
                    </toUnit>
                </fromUnit>
                <fromUnit id="0x5003">
                    <toUnit id="0x5010">
                        <formula>            </formula>
                    </toUnit>
                </fromUnit>
            </unitConvert>
            <bgBle>Yes</bgBle>
            <targetOS type="Android">
                <osVer Ver="DEFAULT">
                    <bleConnectionTimeOut>0</bleConnectionTimeOut>
                    <bleFirstConnectionWaitTimeOut>500</bleFirstConnectionWaitTimeOut>
                    <bleSystemCommunicationTimeOut>10</bleSystemCommunicationTimeOut>
                    <bleSystemCommunicationRetryCount>3</bleSystemCommunicationRetryCount>
                    <bleCommunicationPreparationTimeOut>60</bleCommunicationPreparationTimeOut>
                    <bleDuplicateConnection>NO</bleDuplicateConnection>
                    <ogscWlCommandSendTimeOut>10</ogscWlCommandSendTimeOut>
                    <ogscWlCommandSendRetryCount>3</ogscWlCommandSendRetryCount>
                    <ogscConnectionCancelDelayTime>0</ogscConnectionCancelDelayTime>
                    <ogscTimeUpdateRule>0</ogscTimeUpdateRule>
                    <bgBleTime>1,10,60,180,360,720</bgBleTime>
                </osVer>
            </targetOS>
            <targetOS type="iOS">
                <osVer Ver="DEFAULT">
                    <bleConnectionTimeOut>0</bleConnectionTimeOut>
                    <bleFirstConnectionWaitTimeOut>500</bleFirstConnectionWaitTimeOut>
                    <bleSystemCommunicationTimeOut>10</bleSystemCommunicationTimeOut>
                    <bleSystemCommunicationRetryCount>3</bleSystemCommunicationRetryCount>
                    <bleCommunicationPreparationTimeOut>60</bleCommunicationPreparationTimeOut>
                    <bleDuplicateConnection>NO</bleDuplicateConnection>
                    <ogscWlCommandSendTimeOut>10</ogscWlCommandSendTimeOut>
                    <ogscWlCommandSendRetryCount>3</ogscWlCommandSendRetryCount>
                    <ogscConnectionCancelDelayTime>0</ogscConnectionCancelDelayTime>
                    <ogscTimeUpdateRule>0</ogscTimeUpdateRule>
                    <bgBleTime>1,10,60,180,360,720</bgBleTime>
                </osVer>
            </targetOS>
            <indexInfo>0x0001,0x0002,0x0003</indexInfo>
            <order>037</order>
            <registScanMaxTimeout>60</registScanMaxTimeout>
            <registScanMinTimeout>5</registScanMinTimeout>
            <deviceScanTimeout>30</deviceScanTimeout>
            <deviceConnectTimeout>60</deviceConnectTimeout>
            <registrationType>0</registrationType>
        </device>
        
        <device id="068">
            <displayName>HBF-222T</displayName>
            <displaySubName>Color White</displaySubName>
            <deviceType>HBF-222T-AP</deviceType>
            <category>0x0001</category>
            <variety>HBF-2</variety>
            <seqcheck>No</seqcheck>
            <standard>WLP</standard>
            <maxID>4</maxID>
            <weightAccuracy>1</weightAccuracy>
            <deviceRegist>1</deviceRegist>
            <classifiedDeviceID>0x0001</classifiedDeviceID>
            <internalClassifiedDeviceID>0x0408</internalClassifiedDeviceID>
            <bleScanLocalName>^BLE[s|S]mart_00010408.*</bleScanLocalName>
            <bleChipName>putaoPF2</bleChipName>
            <sspMode>justworks</sspMode>
            <deviceHelp      >https://www.omronconnect.com/app2/faq_device/hbf_222t/*****/index.html</deviceHelp>
            <deviceHelpJapan >https://www.omronconnect.com/app2/faq_device/hbf_222t/*****/index.html</deviceHelpJapan>
            <language>
                <item>en-gb</item>
                <item>zh-tw</item>
                <item>ko-def</item>
                <item>es-def</item>
                <item>pt-def</item>
            </language>
            <pinCodeInput>No</pinCodeInput>
            <userInput>
                <birthDay>01</birthDay>
                <height>03</height>
                <weight>00</weight>
                <gender>02</gender>
                <walkStride>00</walkStride>
                <userArea>00</userArea>
                <bodyTemperatureAlarm>00</bodyTemperatureAlarm>
                <weightReductionTarget>00</weightReductionTarget>
            </userInput>
            <userInputRange>
                <birthDay>
                    <min>19000101</min>
                    <max>20451231</max>
                </birthDay>
                <height>
                    <min>100.0</min>
                    <max>199.5</max>
                    <unit>0x1002</unit>
                </height>
                <gender>
                    <min>0</min>
                    <max>1</max>
                </gender>
            </userInputRange>
            <setting>
                <name id="User ID">
                    <order>001</order>
                </name>
            </setting>
            <vitalData>
                <index id="0x0101">
                    <unit>0x2003</unit>
                    <order>1</order>
                </index>
                <index id="0x0103">
                    <unit>0xF090</unit>
                    <order>2</order>
                </index>
                <index id="0x0108">
                    <order>3</order>
                </index>
                <index id="0x0104">
                    <unit>0x4003</unit>
                    <order>6</order>
                </index>
                <index id="0x0105">
                    <unit>0xF090</unit>
                    <order>4</order>
                </index>
                <index id="0x0106">
                    <order>7</order>
                </index>
                <index id="0x0107">
                    <order>5</order>
                </index>
            </vitalData>
            <unitConvert>
                <fromUnit id="0x2003">
                    <toUnit id="0x2010">
                        <formula>            </formula>
                    </toUnit>
                    <toUnit id="0x2020">
                        <formula>            </formula>
                    </toUnit>
                </fromUnit>
                <fromUnit id="0x2010">
                    <toUnit id="0x2003">
                        <formula>            </formula>
                    </toUnit>
                    <toUnit id="0x2020">
                        <formula>            </formula>
                    </toUnit>
                </fromUnit>
                <fromUnit id="0x2020">
                    <toUnit id="0x2003">
                        <formula>            </formula>
                    </toUnit>
                    <toUnit id="0x2010">
                        <formula>            </formula>
                    </toUnit>
                </fromUnit>
            </unitConvert>
            <bgBle>Yes</bgBle>
            <targetOS type="Android">
                <osVer Ver="DEFAULT">
                    <bleConnectionTimeOut>0</bleConnectionTimeOut>
                    <bleFirstConnectionWaitTimeOut>500</bleFirstConnectionWaitTimeOut>
                    <bleSystemCommunicationTimeOut>10</bleSystemCommunicationTimeOut>
                    <bleSystemCommunicationRetryCount>3</bleSystemCommunicationRetryCount>
                    <bleCommunicationPreparationTimeOut>60</bleCommunicationPreparationTimeOut>
                    <bleDuplicateConnection>NO</bleDuplicateConnection>
                    <ogscWlCommandSendTimeOut>10</ogscWlCommandSendTimeOut>
                    <ogscWlCommandSendRetryCount>3</ogscWlCommandSendRetryCount>
                    <ogscConnectionCancelDelayTime>0</ogscConnectionCancelDelayTime>
                    <ogscTimeUpdateRule>0</ogscTimeUpdateRule>
                    <bgBleTime>1,10,60,180,360,720</bgBleTime>
                </osVer>
            </targetOS>
            <targetOS type="iOS">
                <osVer Ver="DEFAULT">
                    <bleConnectionTimeOut>0</bleConnectionTimeOut>
                    <bleFirstConnectionWaitTimeOut>500</bleFirstConnectionWaitTimeOut>
                    <bleSystemCommunicationTimeOut>10</bleSystemCommunicationTimeOut>
                    <bleSystemCommunicationRetryCount>3</bleSystemCommunicationRetryCount>
                    <bleCommunicationPreparationTimeOut>60</bleCommunicationPreparationTimeOut>
                    <bleDuplicateConnection>NO</bleDuplicateConnection>
                    <ogscWlCommandSendTimeOut>10</ogscWlCommandSendTimeOut>
                    <ogscWlCommandSendRetryCount>3</ogscWlCommandSendRetryCount>
                    <ogscConnectionCancelDelayTime>0</ogscConnectionCancelDelayTime>
                    <ogscTimeUpdateRule>0</ogscTimeUpdateRule>
                    <bgBleTime>1,10,60,180,360,720</bgBleTime>
                </osVer>
            </targetOS>
            <indexInfo>0x0101,0x0103,0x0108,0x0105,0x0107,0x0104,0x0106</indexInfo>
            <levelInfo>0x0103,0x0105,0x0106,0x0108</levelInfo>
            <levelType>1</levelType>
            <order>097</order>
            <registScanMaxTimeout>60</registScanMaxTimeout>
            <registScanMinTimeout>5</registScanMinTimeout>
            <deviceScanTimeout>30</deviceScanTimeout>
            <deviceConnectTimeout>60</deviceConnectTimeout>
            <registrationType>0</registrationType>
        </device>
        
        <device id="102">
            <displayName>HEM-7361T</displayName>
            <deviceType>HEM-7361T-AP</deviceType>
            <category>0x0000</category>
            <subCategory>0x0001</subCategory>
            <isAfibDevice>Yes</isAfibDevice>
            <variety>HEM-4</variety>
            <seqcheck>Yes</seqcheck>
            <standard>WLP</standard>
            <maxID>2</maxID>
            <deviceRegist>1</deviceRegist>
            <classifiedDeviceID>0x0000</classifiedDeviceID>
            <internalClassifiedDeviceID>0x0458</internalClassifiedDeviceID>
            <bleScanLocalName>^BLE[s|S]mart_00000458.*</bleScanLocalName>
            <bleChipName>putaoPF2</bleChipName>
            <sspMode>justworks</sspMode>
            <deviceHelp     >https://www.omronconnect.com/app2/faq_device/hem_7361t/*****/index.html</deviceHelp>
            <deviceHelpJapan>https://www.omronconnect.com/app2/faq_device/hem_7361t/*****/index.html</deviceHelpJapan>
            <language>
                <item>en-gb</item>
                <item>fr-def</item>
                <item>it-def</item>
                <item>es-def</item>
                <item>de-def</item>
                <item>nl-def</item>
                <item>pl-def</item>
                <item>sv-def</item>
                <item>tr-def</item>
                <item>pt-def</item>
            </language>
            <pinCodeInput>No</pinCodeInput>
            <userInput>
                <birthDay>01</birthDay>
                <height>00</height>
                <weight>00</weight>
                <gender>00</gender>
                <walkStride>00</walkStride>
                <userArea>00</userArea>
                <bodyTemperatureAlarm>00</bodyTemperatureAlarm>
                <weightReductionTarget>00</weightReductionTarget>
                <birthDaySkip>01</birthDaySkip>
            </userInput>
            <userInputRange>
                <birthDay>
                    <min>20190101</min>
                    <max>20501231</max>
                </birthDay>
            </userInputRange>
            <setting>
                <name id="User ID">
                    <order>001</order>
                </name>
            </setting>
            <vitalData section="1">
                <index id="0x0001">
                    <unit>0x5003</unit>
                    <order>2</order>
                </index>
                <index id="0x0002">
                    <unit>0x5003</unit>
                    <order>3</order>
                </index>
                <index id="0x0003">
                    <order>4</order>
                </index>
                <index id="0x0026">
                    <order>1</order>
                </index>
            </vitalData>
            <vitalData section="2">
                <index id="0x0006">
                    <order>2</order>
                </index>
                <index id="0x0007">
                    <order>3</order>
                </index>
                <index id="0x0008">
                    <order>4</order>
                </index>
                <index id="0x0023">
                    <order>1</order>
                </index>
            </vitalData>
            <unitConvert>
                <fromUnit id="0x5010">
                    <toUnit id="0x5003">
                        <formula>            </formula>
                    </toUnit>
                </fromUnit>
                <fromUnit id="0x5003">
                    <toUnit id="0x5010">
                        <formula>            </formula>
                    </toUnit>
                </fromUnit>
            </unitConvert>
            <bgBle>Yes</bgBle>
            <targetOS type="Android">
                <osVer Ver="DEFAULT">
                    <bleConnectionTimeOut>0</bleConnectionTimeOut>
                    <bleFirstConnectionWaitTimeOut>500</bleFirstConnectionWaitTimeOut>
                    <bleSystemCommunicationTimeOut>10</bleSystemCommunicationTimeOut>
                    <bleSystemCommunicationRetryCount>3</bleSystemCommunicationRetryCount>
                    <bleCommunicationPreparationTimeOut>60</bleCommunicationPreparationTimeOut>
                    <bleDuplicateConnection>NO</bleDuplicateConnection>
                    <ogscWlCommandSendTimeOut>10</ogscWlCommandSendTimeOut>
                    <ogscWlCommandSendRetryCount>3</ogscWlCommandSendRetryCount>
                    <ogscConnectionCancelDelayTime>0</ogscConnectionCancelDelayTime>
                    <ogscTimeUpdateRule>0</ogscTimeUpdateRule>
                    <bgBleTime>1,10,60,180,360,720</bgBleTime>
                </osVer>
            </targetOS>
            <targetOS type="iOS">
                <osVer Ver="DEFAULT">
                    <bleConnectionTimeOut>0</bleConnectionTimeOut>
                    <bleFirstConnectionWaitTimeOut>500</bleFirstConnectionWaitTimeOut>
                    <bleSystemCommunicationTimeOut>10</bleSystemCommunicationTimeOut>
                    <bleSystemCommunicationRetryCount>3</bleSystemCommunicationRetryCount>
                    <bleCommunicationPreparationTimeOut>60</bleCommunicationPreparationTimeOut>
                    <bleDuplicateConnection>NO</bleDuplicateConnection>
                    <ogscWlCommandSendTimeOut>10</ogscWlCommandSendTimeOut>
                    <ogscWlCommandSendRetryCount>3</ogscWlCommandSendRetryCount>
                    <ogscConnectionCancelDelayTime>0</ogscConnectionCancelDelayTime>
                    <ogscTimeUpdateRule>0</ogscTimeUpdateRule>
                    <bgBleTime>1,10,60,180,360,720</bgBleTime>
                </osVer>
            </targetOS>
            <indexInfo>0x0001,0x0002,0x0003</indexInfo>
            <order>052</order>
            <registScanMaxTimeout>60</registScanMaxTimeout>
            <registScanMinTimeout>5</registScanMinTimeout>
            <deviceScanTimeout>30</deviceScanTimeout>
            <deviceConnectTimeout>60</deviceConnectTimeout>
            <registrationType>0</registrationType>
        </device>
        
        <device id="1151">
            <displayName>HEM-7141T1-AP</displayName>
            <deviceType>HEM-7141T1-AP</deviceType>
            <category>0x0000</category>
            <variety>HEM-4</variety>
            <seqcheck>Yes</seqcheck>
            <standard>WLP</standard>
            <maxID>1</maxID>
            <deviceRegist>1</deviceRegist>
            <classifiedDeviceID>0x0000</classifiedDeviceID>
            <internalClassifiedDeviceID>0x047F</internalClassifiedDeviceID>
            <bleScanLocalName>^BLE[s|S]mart_0000047F.*</bleScanLocalName>
            <bleChipName>putaoPF2</bleChipName>
            <sspMode>justworks</sspMode>
            <deviceHelp     >https://www.omronconnect.com/app2/faq_device/hem_6161t/*****/index.html</deviceHelp>
            <deviceHelpJapan>https://www.omronconnect.com/app2/faq_device/hem_6161t/*****/index.html</deviceHelpJapan>
            <language>
                <item>en-gb</item>
                <item>fr-def</item>
                <item>it-def</item>
                <item>es-def</item>
                <item>de-def</item>
                <item>nl-def</item>
            </language>
            <pinCodeInput>No</pinCodeInput>
            <userInput>
                <birthDay>01</birthDay>
                <height>00</height>
                <weight>00</weight>
                <gender>00</gender>
                <walkStride>00</walkStride>
                <userArea>00</userArea>
                <bodyTemperatureAlarm>00</bodyTemperatureAlarm>
                <weightReductionTarget>00</weightReductionTarget>
                <birthDaySkip>01</birthDaySkip>
            </userInput>
            <setting>
            </setting>
            <vitalData>
                <index id="0x0001">
                    <unit>0x5003</unit>
                    <order>1</order>
                </index>
                <index id="0x0002">
                    <unit>0x5003</unit>
                    <order>2</order>
                </index>
                <index id="0x0003">
                    <order>3</order>
                </index>
                <index id="0x0006">
                    <order>5</order>
                </index>
                <index id="0x0008">
                    <order>4</order>
                </index>
            </vitalData>
            <unitConvert>
                <fromUnit id="0x5010">
                    <toUnit id="0x5003">
                        <formula>            </formula>
                    </toUnit>
                </fromUnit>
                <fromUnit id="0x5003">
                    <toUnit id="0x5010">
                        <formula>            </formula>
                    </toUnit>
                </fromUnit>
            </unitConvert>
            <bgBle>Yes</bgBle>
            <targetOS type="Android">
                <osVer Ver="DEFAULT">
                    <bleConnectionTimeOut>0</bleConnectionTimeOut>
                    <bleFirstConnectionWaitTimeOut>500</bleFirstConnectionWaitTimeOut>
                    <bleSystemCommunicationTimeOut>10</bleSystemCommunicationTimeOut>
                    <bleSystemCommunicationRetryCount>3</bleSystemCommunicationRetryCount>
                    <bleCommunicationPreparationTimeOut>60</bleCommunicationPreparationTimeOut>
                    <bleDuplicateConnection>NO</bleDuplicateConnection>
                    <ogscWlCommandSendTimeOut>10</ogscWlCommandSendTimeOut>
                    <ogscWlCommandSendRetryCount>3</ogscWlCommandSendRetryCount>
                    <ogscConnectionCancelDelayTime>0</ogscConnectionCancelDelayTime>
                    <ogscTimeUpdateRule>0</ogscTimeUpdateRule>
                    <bgBleTime>1,10,60,180,360,720</bgBleTime>
                </osVer>
            </targetOS>
            <targetOS type="iOS">
                <osVer Ver="DEFAULT">
                    <bleConnectionTimeOut>0</bleConnectionTimeOut>
                    <bleFirstConnectionWaitTimeOut>500</bleFirstConnectionWaitTimeOut>
                    <bleSystemCommunicationTimeOut>10</bleSystemCommunicationTimeOut>
                    <bleSystemCommunicationRetryCount>3</bleSystemCommunicationRetryCount>
                    <bleCommunicationPreparationTimeOut>60</bleCommunicationPreparationTimeOut>
                    <bleDuplicateConnection>NO</bleDuplicateConnection>
                    <ogscWlCommandSendTimeOut>10</ogscWlCommandSendTimeOut>
                    <ogscWlCommandSendRetryCount>3</ogscWlCommandSendRetryCount>
                    <ogscConnectionCancelDelayTime>0</ogscConnectionCancelDelayTime>
                    <ogscTimeUpdateRule>0</ogscTimeUpdateRule>
                    <bgBleTime>1,10,60,180,360,720</bgBleTime>
                </osVer>
            </targetOS>
            <indexInfo>0x0001,0x0002,0x0003</indexInfo>
            <order>078</order>
            <registScanMaxTimeout>60</registScanMaxTimeout>
            <registScanMinTimeout>5</registScanMinTimeout>
            <deviceScanTimeout>30</deviceScanTimeout>
            <deviceConnectTimeout>60</deviceConnectTimeout>
            <registrationType>1</registrationType>
        </device>
        
        <device id="1152">
            <displayName>HEM-7142T1-AP</displayName>
            <deviceType>HEM-7142T1-AP</deviceType>
            <category>0x0000</category>
            <variety>HEM-4</variety>
            <seqcheck>Yes</seqcheck>
            <standard>WLP</standard>
            <maxID>1</maxID>
            <deviceRegist>1</deviceRegist>
            <classifiedDeviceID>0x0000</classifiedDeviceID>
            <internalClassifiedDeviceID>0x0480</internalClassifiedDeviceID>
            <bleScanLocalName>^BLE[s|S]mart_00000480.*</bleScanLocalName>
            <bleChipName>putaoPF2</bleChipName>
            <sspMode>justworks</sspMode>
            <deviceHelp     >https://www.omronconnect.com/app2/faq_device/hem_6161t/*****/index.html</deviceHelp>
            <deviceHelpJapan>https://www.omronconnect.com/app2/faq_device/hem_6161t/*****/index.html</deviceHelpJapan>
            <language>
                <item>en-gb</item>
                <item>fr-def</item>
                <item>it-def</item>
                <item>es-def</item>
                <item>de-def</item>
                <item>nl-def</item>
            </language>
            <pinCodeInput>No</pinCodeInput>
            <userInput>
                <birthDay>01</birthDay>
                <height>00</height>
                <weight>00</weight>
                <gender>00</gender>
                <walkStride>00</walkStride>
                <userArea>00</userArea>
                <bodyTemperatureAlarm>00</bodyTemperatureAlarm>
                <weightReductionTarget>00</weightReductionTarget>
                <birthDaySkip>01</birthDaySkip>
            </userInput>
            <setting>
            </setting>
            <vitalData>
                <index id="0x0001">
                    <unit>0x5003</unit>
                    <order>1</order>
                </index>
                <index id="0x0002">
                    <unit>0x5003</unit>
                    <order>2</order>
                </index>
                <index id="0x0003">
                    <order>3</order>
                </index>
                <index id="0x0006">
                    <order>5</order>
                </index>
                <index id="0x0008">
                    <order>4</order>
                </index>
            </vitalData>
            <unitConvert>
                <fromUnit id="0x5010">
                    <toUnit id="0x5003">
                        <formula>            </formula>
                    </toUnit>
                </fromUnit>
                <fromUnit id="0x5003">
                    <toUnit id="0x5010">
                        <formula>            </formula>
                    </toUnit>
                </fromUnit>
            </unitConvert>
            <bgBle>Yes</bgBle>
            <targetOS type="Android">
                <osVer Ver="DEFAULT">
                    <bleConnectionTimeOut>0</bleConnectionTimeOut>
                    <bleFirstConnectionWaitTimeOut>500</bleFirstConnectionWaitTimeOut>
                    <bleSystemCommunicationTimeOut>10</bleSystemCommunicationTimeOut>
                    <bleSystemCommunicationRetryCount>3</bleSystemCommunicationRetryCount>
                    <bleCommunicationPreparationTimeOut>60</bleCommunicationPreparationTimeOut>
                    <bleDuplicateConnection>NO</bleDuplicateConnection>
                    <ogscWlCommandSendTimeOut>10</ogscWlCommandSendTimeOut>
                    <ogscWlCommandSendRetryCount>3</ogscWlCommandSendRetryCount>
                    <ogscConnectionCancelDelayTime>0</ogscConnectionCancelDelayTime>
                    <ogscTimeUpdateRule>0</ogscTimeUpdateRule>
                    <bgBleTime>1,10,60,180,360,720</bgBleTime>
                </osVer>
            </targetOS>
            <targetOS type="iOS">
                <osVer Ver="DEFAULT">
                    <bleConnectionTimeOut>0</bleConnectionTimeOut>
                    <bleFirstConnectionWaitTimeOut>500</bleFirstConnectionWaitTimeOut>
                    <bleSystemCommunicationTimeOut>10</bleSystemCommunicationTimeOut>
                    <bleSystemCommunicationRetryCount>3</bleSystemCommunicationRetryCount>
                    <bleCommunicationPreparationTimeOut>60</bleCommunicationPreparationTimeOut>
                    <bleDuplicateConnection>NO</bleDuplicateConnection>
                    <ogscWlCommandSendTimeOut>10</ogscWlCommandSendTimeOut>
                    <ogscWlCommandSendRetryCount>3</ogscWlCommandSendRetryCount>
                    <ogscConnectionCancelDelayTime>0</ogscConnectionCancelDelayTime>
                    <ogscTimeUpdateRule>0</ogscTimeUpdateRule>
                    <bgBleTime>1,10,60,180,360,720</bgBleTime>
                </osVer>
            </targetOS>
            <indexInfo>0x0001,0x0002,0x0003</indexInfo>
            <order>078</order>
            <registScanMaxTimeout>60</registScanMaxTimeout>
            <registScanMinTimeout>5</registScanMinTimeout>
            <deviceScanTimeout>30</deviceScanTimeout>
            <deviceConnectTimeout>60</deviceConnectTimeout>
            <registrationType>1</registrationType>
        </device>
        
        <device id="1402">
            <displayName>HEM-7156T-AP</displayName>
            <deviceType>HEM-7156T-AP</deviceType>
            <category>0x0000</category>
            <variety>HEM-4</variety>
            <seqcheck>Yes</seqcheck>
            <standard>WLP</standard>
            <maxID>1</maxID>
            <deviceRegist>1</deviceRegist>
            <classifiedDeviceID>0x0000</classifiedDeviceID>
            <internalClassifiedDeviceID>0x057A</internalClassifiedDeviceID>
            <bleScanLocalName>^BLE[s|S]mart_0000057A.*</bleScanLocalName>
            <bleChipName>putaoPF2</bleChipName>
            <sspMode>justworks</sspMode>
            <deviceHelp     >https://www.omronconnect.com/app2/faq_device/hem_6161t/*****/index.html</deviceHelp>
            <deviceHelpJapan>https://www.omronconnect.com/app2/faq_device/hem_6161t/*****/index.html</deviceHelpJapan>
            <language>
                <item>en-gb</item>
                <item>fr-def</item>
                <item>it-def</item>
                <item>es-def</item>
                <item>de-def</item>
                <item>nl-def</item>
            </language>
            <pinCodeInput>No</pinCodeInput>
            <userInput>
                <birthDay>01</birthDay>
                <height>00</height>
                <weight>00</weight>
                <gender>00</gender>
                <walkStride>00</walkStride>
                <userArea>00</userArea>
                <bodyTemperatureAlarm>00</bodyTemperatureAlarm>
                <weightReductionTarget>00</weightReductionTarget>
                <birthDaySkip>01</birthDaySkip>
            </userInput>
            <setting>
            </setting>
            <vitalData>
                <index id="0x0001">
                    <unit>0x5003</unit>
                    <order>1</order>
                </index>
                <index id="0x0002">
                    <unit>0x5003</unit>
                    <order>2</order>
                </index>
                <index id="0x0003">
                    <order>3</order>
                </index>
                <index id="0x0006">
                    <order>5</order>
                </index>
                <index id="0x0008">
                    <order>4</order>
                </index>
            </vitalData>
            <unitConvert>
                <fromUnit id="0x5010">
                    <toUnit id="0x5003">
                        <formula>            </formula>
                    </toUnit>
                </fromUnit>
                <fromUnit id="0x5003">
                    <toUnit id="0x5010">
                        <formula>            </formula>
                    </toUnit>
                </fromUnit>
            </unitConvert>
            <bgBle>Yes</bgBle>
            <targetOS type="Android">
                <osVer Ver="DEFAULT">
                    <bleConnectionTimeOut>0</bleConnectionTimeOut>
                    <bleFirstConnectionWaitTimeOut>500</bleFirstConnectionWaitTimeOut>
                    <bleSystemCommunicationTimeOut>10</bleSystemCommunicationTimeOut>
                    <bleSystemCommunicationRetryCount>3</bleSystemCommunicationRetryCount>
                    <bleCommunicationPreparationTimeOut>60</bleCommunicationPreparationTimeOut>
                    <bleDuplicateConnection>NO</bleDuplicateConnection>
                    <ogscWlCommandSendTimeOut>10</ogscWlCommandSendTimeOut>
                    <ogscWlCommandSendRetryCount>3</ogscWlCommandSendRetryCount>
                    <ogscConnectionCancelDelayTime>0</ogscConnectionCancelDelayTime>
                    <ogscTimeUpdateRule>0</ogscTimeUpdateRule>
                    <bgBleTime>1,10,60,180,360,720</bgBleTime>
                </osVer>
            </targetOS>
            <targetOS type="iOS">
                <osVer Ver="DEFAULT">
                    <bleConnectionTimeOut>0</bleConnectionTimeOut>
                    <bleFirstConnectionWaitTimeOut>500</bleFirstConnectionWaitTimeOut>
                    <bleSystemCommunicationTimeOut>10</bleSystemCommunicationTimeOut>
                    <bleSystemCommunicationRetryCount>3</bleSystemCommunicationRetryCount>
                    <bleCommunicationPreparationTimeOut>60</bleCommunicationPreparationTimeOut>
                    <bleDuplicateConnection>NO</bleDuplicateConnection>
                    <ogscWlCommandSendTimeOut>10</ogscWlCommandSendTimeOut>
                    <ogscWlCommandSendRetryCount>3</ogscWlCommandSendRetryCount>
                    <ogscConnectionCancelDelayTime>0</ogscConnectionCancelDelayTime>
                    <ogscTimeUpdateRule>0</ogscTimeUpdateRule>
                    <bgBleTime>1,10,60,180,360,720</bgBleTime>
                </osVer>
            </targetOS>
            <indexInfo>0x0001,0x0002,0x0003</indexInfo>
            <order>078</order>
            <registScanMaxTimeout>60</registScanMaxTimeout>
            <registScanMinTimeout>5</registScanMinTimeout>
            <deviceScanTimeout>30</deviceScanTimeout>
            <deviceConnectTimeout>60</deviceConnectTimeout>
            <registrationType>1</registrationType>
        </device>
        
        <device id="1042">
            <displayName>HN-300T2 Intelli IT</displayName>
            <deviceType>HN-300T2-AP</deviceType>
            <category>0x0001</category>
            <variety>HBF-2</variety>
            <seqcheck>No</seqcheck>
            <standard>WLP</standard>
            <maxID>1</maxID>
            <weightAccuracy>1</weightAccuracy>
            <deviceRegist>1</deviceRegist>
            <classifiedDeviceID>0x0001</classifiedDeviceID>
            <internalClassifiedDeviceID>0x0412</internalClassifiedDeviceID>
            <bleScanLocalName>^BLE[s|S]mart_00010412.*</bleScanLocalName>
            <bleChipName>putaoPF2</bleChipName>
            <sspMode>justworks</sspMode>
            <deviceHelp      >https://www.omronconnect.com/app2/faq_device/hbf_222t/*****/index.html</deviceHelp>
            <deviceHelpJapan >https://www.omronconnect.com/app2/faq_device/hbf_222t/*****/index.html</deviceHelpJapan>
            <language>
                <item>en-gb</item>
                <item>fr-def</item>
                <item>it-def</item>
                <item>es-def</item>
                <item>de-def</item>
                <item>nl-def</item>
            </language>
            <pinCodeInput>No</pinCodeInput>
            <userInput>
                <birthDay>01</birthDay>
                <height>03</height>
                <weight>00</weight>
                <gender>02</gender>
                <walkStride>00</walkStride>
                <userArea>00</userArea>
                <bodyTemperatureAlarm>00</bodyTemperatureAlarm>
                <weightReductionTarget>00</weightReductionTarget>
            </userInput>
            <userInputRange>
                <birthDay>
                    <min>19000101</min>
                    <max>20451231</max>
                </birthDay>
                <height>
                    <min>100.0</min>
                    <max>199.5</max>
                    <unit>0x1002</unit>
                </height>
                <gender>
                    <min>0</min>
                    <max>1</max>
                </gender>
            </userInputRange>
            <setting>
                <name id="User ID">
                    <order>001</order>
                </name>
            </setting>
            <vitalData>
                <index id="0x0101">
                    <unit>0x2003</unit>
                    <order>1</order>
                </index>
                <index id="0x0103">
                    <unit>0xF090</unit>
                    <order>2</order>
                </index>
                <index id="0x0108">
                    <order>3</order>
                </index>
                <index id="0x0104">
                    <unit>0x4003</unit>
                    <order>5</order>
                </index>
                <index id="0x0105">
                    <unit>0xF090</unit>
                    <order>4</order>
                </index>
                <index id="0x0106">
                    <order>6</order>
                </index>
            </vitalData>
            <unitConvert>
                <fromUnit id="0x2003">
                    <toUnit id="0x2010">
                        <formula>            </formula>
                    </toUnit>
                    <toUnit id="0x2020">
                        <formula>            </formula>
                    </toUnit>
                </fromUnit>
                <fromUnit id="0x2010">
                    <toUnit id="0x2003">
                        <formula>            </formula>
                    </toUnit>
                    <toUnit id="0x2020">
                        <formula>            </formula>
                    </toUnit>
                </fromUnit>
                <fromUnit id="0x2020">
                    <toUnit id="0x2003">
                        <formula>            </formula>
                    </toUnit>
                    <toUnit id="0x2010">
                        <formula>            </formula>
                    </toUnit>
                </fromUnit>
            </unitConvert>
            <bgBle>No</bgBle>
            <targetOS type="Android">
                <osVer Ver="DEFAULT">
                    <bleConnectionTimeOut>0</bleConnectionTimeOut>
                    <bleFirstConnectionWaitTimeOut>500</bleFirstConnectionWaitTimeOut>
                    <bleSystemCommunicationTimeOut>10</bleSystemCommunicationTimeOut>
                    <bleSystemCommunicationRetryCount>3</bleSystemCommunicationRetryCount>
                    <bleCommunicationPreparationTimeOut>60</bleCommunicationPreparationTimeOut>
                    <bleDuplicateConnection>NO</bleDuplicateConnection>
                    <ogscWlCommandSendTimeOut>10</ogscWlCommandSendTimeOut>
                    <ogscWlCommandSendRetryCount>3</ogscWlCommandSendRetryCount>
                    <ogscConnectionCancelDelayTime>0</ogscConnectionCancelDelayTime>
                    <ogscTimeUpdateRule>0</ogscTimeUpdateRule>
                </osVer>
            </targetOS>
            <targetOS type="iOS">
                <osVer Ver="DEFAULT">
                    <bleConnectionTimeOut>0</bleConnectionTimeOut>
                    <bleFirstConnectionWaitTimeOut>500</bleFirstConnectionWaitTimeOut>
                    <bleSystemCommunicationTimeOut>10</bleSystemCommunicationTimeOut>
                    <bleSystemCommunicationRetryCount>3</bleSystemCommunicationRetryCount>
                    <bleCommunicationPreparationTimeOut>60</bleCommunicationPreparationTimeOut>
                    <bleDuplicateConnection>NO</bleDuplicateConnection>
                    <ogscWlCommandSendTimeOut>10</ogscWlCommandSendTimeOut>
                    <ogscWlCommandSendRetryCount>3</ogscWlCommandSendRetryCount>
                    <ogscConnectionCancelDelayTime>0</ogscConnectionCancelDelayTime>
                    <ogscTimeUpdateRule>0</ogscTimeUpdateRule>
                </osVer>
            </targetOS>
            <indexInfo>0x0101,0x0103,0x0108,0x0105,0x0104,0x0106</indexInfo>
            <levelInfo>0x0103,0x0105,0x0106,0x0108</levelInfo>
            <levelType>2</levelType>
            <order>087</order>
            <registScanMaxTimeout>60</registScanMaxTimeout>
            <registScanMinTimeout>5</registScanMinTimeout>
            <deviceScanTimeout>30</deviceScanTimeout>
            <deviceConnectTimeout>60</deviceConnectTimeout>
            <registrationType>0</registrationType>
        </device>
        
        <device id="1036">
            <displayName>HBF-702T-AP</displayName>
            <deviceType>HBF-702T-AP</deviceType>
            <category>0x0001</category>
            <variety>HBF-2</variety>
            <seqcheck>No</seqcheck>
            <standard>WLP</standard>
            <maxID>4</maxID>
            <weightAccuracy>1</weightAccuracy>
            <deviceRegist>1</deviceRegist>
            <classifiedDeviceID>0x0001</classifiedDeviceID>
            <internalClassifiedDeviceID>0x040C</internalClassifiedDeviceID>
            <bleScanLocalName>^BLE[s|S]mart_0001040C.*</bleScanLocalName>
            <bleChipName>putaoPF2</bleChipName>
            <sspMode>justworks</sspMode>
            <deviceHelp      >https://www.omronconnect.com/app2/faq_device/hbf_222t_e/*****/index.html</deviceHelp>
            <deviceHelpJapan >https://www.omronconnect.com/app2/faq_device/hbf_222t_e/*****/index.html</deviceHelpJapan>
            <language>
                <item>en-gb</item>
                <item>fr-def</item>
                <item>it-def</item>
                <item>es-def</item>
                <item>de-def</item>
                <item>nl-def</item>
            </language>
            <pinCodeInput>No</pinCodeInput>
            <userInput>
                <birthDay>01</birthDay>
                <height>03</height>
                <weight>00</weight>
                <gender>02</gender>
                <walkStride>00</walkStride>
                <userArea>00</userArea>
                <bodyTemperatureAlarm>00</bodyTemperatureAlarm>
                <weightReductionTarget>00</weightReductionTarget>
            </userInput>
            <userInputRange>
                <birthDay>
                    <min>19000101</min>
                    <max>20451231</max>
                </birthDay>
                <height>
                    <min>100.0</min>
                    <max>199.5</max>
                    <unit>0x1002</unit>
                </height>
                <gender>
                    <min>0</min>
                    <max>1</max>
                </gender>
            </userInputRange>
            <setting>
                <name id="User ID">
                    <order>001</order>
                </name>
            </setting>
            <vitalData>
                <index id="0x0101">
                    <unit>0x2003</unit>
                    <order>1</order>
                </index>
                <index id="0x0103">
                    <unit>0xF090</unit>
                    <order>2</order>
                </index>
                <index id="0x0108">
                    <order>3</order>
                </index>
                <index id="0x0104">
                    <unit>0x4003</unit>
                    <order>5</order>
                </index>
                <index id="0x0105">
                    <unit>0xF090</unit>
                    <order>4</order>
                </index>
                <index id="0x0106">
                    <order>6</order>
                </index>
            </vitalData>
            <unitConvert>
                <fromUnit id="0x2003">
                    <toUnit id="0x2010">
                        <formula>            </formula>
                    </toUnit>
                    <toUnit id="0x2020">
                        <formula>            </formula>
                    </toUnit>
                </fromUnit>
                <fromUnit id="0x2010">
                    <toUnit id="0x2003">
                        <formula>            </formula>
                    </toUnit>
                    <toUnit id="0x2020">
                        <formula>            </formula>
                    </toUnit>
                </fromUnit>
                <fromUnit id="0x2020">
                    <toUnit id="0x2003">
                        <formula>            </formula>
                    </toUnit>
                    <toUnit id="0x2010">
                        <formula>            </formula>
                    </toUnit>
                </fromUnit>
            </unitConvert>
            <bgBle>Yes</bgBle>
            <targetOS type="Android">
                <osVer Ver="DEFAULT">
                    <bleConnectionTimeOut>0</bleConnectionTimeOut>
                    <bleFirstConnectionWaitTimeOut>500</bleFirstConnectionWaitTimeOut>
                    <bleSystemCommunicationTimeOut>10</bleSystemCommunicationTimeOut>
                    <bleSystemCommunicationRetryCount>3</bleSystemCommunicationRetryCount>
                    <bleCommunicationPreparationTimeOut>60</bleCommunicationPreparationTimeOut>
                    <bleDuplicateConnection>NO</bleDuplicateConnection>
                    <ogscWlCommandSendTimeOut>10</ogscWlCommandSendTimeOut>
                    <ogscWlCommandSendRetryCount>3</ogscWlCommandSendRetryCount>
                    <ogscConnectionCancelDelayTime>0</ogscConnectionCancelDelayTime>
                    <ogscTimeUpdateRule>0</ogscTimeUpdateRule>
                    <bgBleTime>1,10,60,180,360,720</bgBleTime>
                </osVer>
            </targetOS>
            <targetOS type="iOS">
                <osVer Ver="DEFAULT">
                    <bleConnectionTimeOut>0</bleConnectionTimeOut>
                    <bleFirstConnectionWaitTimeOut>500</bleFirstConnectionWaitTimeOut>
                    <bleSystemCommunicationTimeOut>10</bleSystemCommunicationTimeOut>
                    <bleSystemCommunicationRetryCount>3</bleSystemCommunicationRetryCount>
                    <bleCommunicationPreparationTimeOut>60</bleCommunicationPreparationTimeOut>
                    <bleDuplicateConnection>NO</bleDuplicateConnection>
                    <ogscWlCommandSendTimeOut>10</ogscWlCommandSendTimeOut>
                    <ogscWlCommandSendRetryCount>3</ogscWlCommandSendRetryCount>
                    <ogscConnectionCancelDelayTime>0</ogscConnectionCancelDelayTime>
                    <ogscTimeUpdateRule>0</ogscTimeUpdateRule>
                    <bgBleTime>1,10,60,180,360,720</bgBleTime>
                </osVer>
            </targetOS>
            <indexInfo>0x0101,0x0103,0x0108,0x0105,0x0104,0x0106</indexInfo>
            <levelInfo>0x0103,0x0105,0x0106,0x0108</levelInfo>
            <levelType>2</levelType>
            <order>099</order>
            <registScanMaxTimeout>60</registScanMaxTimeout>
            <registScanMinTimeout>5</registScanMinTimeout>
            <deviceScanTimeout>30</deviceScanTimeout>
            <deviceConnectTimeout>60</deviceConnectTimeout>
            <registrationType>0</registrationType>
        </device>
        
        <device id="1030">
            <displayName>HBF-255T-APR</displayName>
            <deviceType>HBF-255T-APR</deviceType>
            <category>0x0001</category>
            <variety>HBF-2</variety>
            <seqcheck>No</seqcheck>
            <standard>WLP</standard>
            <maxID>4</maxID>
            <weightAccuracy>1</weightAccuracy>
            <deviceRegist>1</deviceRegist>
            <classifiedDeviceID>0x0001</classifiedDeviceID>
            <internalClassifiedDeviceID>0x0406</internalClassifiedDeviceID>
            <bleScanLocalName>^BLE[s|S]mart_00010406.*</bleScanLocalName>
            <bleChipName>putaoPF2</bleChipName>
            <sspMode>justworks</sspMode>
            <deviceHelp      >https://www.omronconnect.com/app2/faq_device/hbf_222t_e/*****/index.html</deviceHelp>
            <deviceHelpJapan >https://www.omronconnect.com/app2/faq_device/hbf_222t_e/*****/index.html</deviceHelpJapan>
            <language>
                <item>en-gb</item>
                <item>fr-def</item>
                <item>it-def</item>
                <item>es-def</item>
                <item>de-def</item>
                <item>nl-def</item>
            </language>
            <pinCodeInput>No</pinCodeInput>
            <userInput>
                <birthDay>01</birthDay>
                <height>03</height>
                <weight>00</weight>
                <gender>02</gender>
                <walkStride>00</walkStride>
                <userArea>00</userArea>
                <bodyTemperatureAlarm>00</bodyTemperatureAlarm>
                <weightReductionTarget>00</weightReductionTarget>
            </userInput>
            <userInputRange>
                <birthDay>
                    <min>19000101</min>
                    <max>20451231</max>
                </birthDay>
                <height>
                    <min>100.0</min>
                    <max>199.5</max>
                    <unit>0x1002</unit>
                </height>
                <gender>
                    <min>0</min>
                    <max>1</max>
                </gender>
            </userInputRange>
            <setting>
                <name id="User ID">
                    <order>001</order>
                </name>
            </setting>
            <vitalData>
                <index id="0x0101">
                    <unit>0x2003</unit>
                    <order>1</order>
                </index>
                <index id="0x0103">
                    <unit>0xF090</unit>
                    <order>2</order>
                </index>
                <index id="0x0108">
                    <order>3</order>
                </index>
                <index id="0x0104">
                    <unit>0x4003</unit>
                    <order>5</order>
                </index>
                <index id="0x0105">
                    <unit>0xF090</unit>
                    <order>4</order>
                </index>
                <index id="0x0106">
                    <order>6</order>
                </index>
            </vitalData>
            <unitConvert>
                <fromUnit id="0x2003">
                    <toUnit id="0x2010">
                        <formula>            </formula>
                    </toUnit>
                    <toUnit id="0x2020">
                        <formula>            </formula>
                    </toUnit>
                </fromUnit>
                <fromUnit id="0x2010">
                    <toUnit id="0x2003">
                        <formula>            </formula>
                    </toUnit>
                    <toUnit id="0x2020">
                        <formula>            </formula>
                    </toUnit>
                </fromUnit>
                <fromUnit id="0x2020">
                    <toUnit id="0x2003">
                        <formula>            </formula>
                    </toUnit>
                    <toUnit id="0x2010">
                        <formula>            </formula>
                    </toUnit>
                </fromUnit>
            </unitConvert>
            <bgBle>Yes</bgBle>
            <targetOS type="Android">
                <osVer Ver="DEFAULT">
                    <bleConnectionTimeOut>0</bleConnectionTimeOut>
                    <bleFirstConnectionWaitTimeOut>500</bleFirstConnectionWaitTimeOut>
                    <bleSystemCommunicationTimeOut>10</bleSystemCommunicationTimeOut>
                    <bleSystemCommunicationRetryCount>3</bleSystemCommunicationRetryCount>
                    <bleCommunicationPreparationTimeOut>60</bleCommunicationPreparationTimeOut>
                    <bleDuplicateConnection>NO</bleDuplicateConnection>
                    <ogscWlCommandSendTimeOut>10</ogscWlCommandSendTimeOut>
                    <ogscWlCommandSendRetryCount>3</ogscWlCommandSendRetryCount>
                    <ogscConnectionCancelDelayTime>0</ogscConnectionCancelDelayTime>
                    <ogscTimeUpdateRule>0</ogscTimeUpdateRule>
                    <bgBleTime>1,10,60,180,360,720</bgBleTime>
                </osVer>
            </targetOS>
            <targetOS type="iOS">
                <osVer Ver="DEFAULT">
                    <bleConnectionTimeOut>0</bleConnectionTimeOut>
                    <bleFirstConnectionWaitTimeOut>500</bleFirstConnectionWaitTimeOut>
                    <bleSystemCommunicationTimeOut>10</bleSystemCommunicationTimeOut>
                    <bleSystemCommunicationRetryCount>3</bleSystemCommunicationRetryCount>
                    <bleCommunicationPreparationTimeOut>60</bleCommunicationPreparationTimeOut>
                    <bleDuplicateConnection>NO</bleDuplicateConnection>
                    <ogscWlCommandSendTimeOut>10</ogscWlCommandSendTimeOut>
                    <ogscWlCommandSendRetryCount>3</ogscWlCommandSendRetryCount>
                    <ogscConnectionCancelDelayTime>0</ogscConnectionCancelDelayTime>
                    <ogscTimeUpdateRule>0</ogscTimeUpdateRule>
                    <bgBleTime>1,10,60,180,360,720</bgBleTime>
                </osVer>
            </targetOS>
            <indexInfo>0x0101,0x0103,0x0108,0x0105,0x0104,0x0106</indexInfo>
            <levelInfo>0x0103,0x0105,0x0106,0x0108</levelInfo>
            <levelType>2</levelType>
            <order>099</order>
            <registScanMaxTimeout>60</registScanMaxTimeout>
            <registScanMinTimeout>5</registScanMinTimeout>
            <deviceScanTimeout>30</deviceScanTimeout>
            <deviceConnectTimeout>60</deviceConnectTimeout>
            <registrationType>0</registrationType>
        </device>
        
        <device id="187">
            <displayName>WheezeScan</displayName>
            <deviceType>HWZ-1000T-E</deviceType>
            <category>0x000E</category>
            <variety>HEM-4</variety>
            <standard>WLP</standard>
            <maxID>1</maxID>
            <deviceRegist>1</deviceRegist>
            <classifiedDeviceID>0x000E</classifiedDeviceID>
            <internalClassifiedDeviceID>0x0200</internalClassifiedDeviceID>
            <bleScanLocalName>^BLE[s|S]mart_000E0200.*</bleScanLocalName>
            <bleChipName>Lanmei</bleChipName>
            <sspMode>justworks</sspMode>
            <deviceHelp     >https://www.omronconnect.com/app2/faq_device/hwz_1000t_z/*****/index.html</deviceHelp>
            <deviceHelpJapan>https://www.omronconnect.com/app2/faq_device/hwz_1000t_z/*****/index.html</deviceHelpJapan>
            <language>
                <item>en-gb</item>
            </language>
            <pinCodeInput>No</pinCodeInput>
            <userInput>
                <birthDay>00</birthDay>
                <height>00</height>
                <weight>00</weight>
                <gender>00</gender>
                <walkStride>00</walkStride>
                <userArea>00</userArea>
                <bodyTemperatureAlarm>00</bodyTemperatureAlarm>
                <weightReductionTarget>00</weightReductionTarget>
                <birthDaySkip>00</birthDaySkip>
            </userInput>
            <setting>
            </setting>
            <vitalData>
                <index id="0x0E01">
                    <order>1</order>
                </index>
                <index id="0x0E02">
                    <order>2</order>
                </index>
                <index id="0x0E03">
                    <order>3</order>
                </index>
                <index id="0x0E04">
                    <order>4</order>
                </index>
                <index id="0x0E05">
                    <order>5</order>
                </index>
            </vitalData>
            <bgBle>No</bgBle>
            <targetOS type="Android">
                <osVer Ver="DEFAULT">
                    <bleConnectionTimeOut>0</bleConnectionTimeOut>
                    <bleFirstConnectionWaitTimeOut>500</bleFirstConnectionWaitTimeOut>
                    <bleSystemCommunicationTimeOut>10</bleSystemCommunicationTimeOut>
                    <bleSystemCommunicationRetryCount>3</bleSystemCommunicationRetryCount>
                    <bleCommunicationPreparationTimeOut>60</bleCommunicationPreparationTimeOut>
                    <bleDuplicateConnection>NO</bleDuplicateConnection>
                    <ogscWlCommandSendTimeOut>10</ogscWlCommandSendTimeOut>
                    <ogscWlCommandSendRetryCount>3</ogscWlCommandSendRetryCount>
                    <ogscConnectionCancelDelayTime>0</ogscConnectionCancelDelayTime>
                    <ogscTimeUpdateRule>0</ogscTimeUpdateRule>
                </osVer>
            </targetOS>
            <targetOS type="iOS">
                <osVer Ver="DEFAULT">
                    <bleConnectionTimeOut>0</bleConnectionTimeOut>
                    <bleFirstConnectionWaitTimeOut>500</bleFirstConnectionWaitTimeOut>
                    <bleSystemCommunicationTimeOut>10</bleSystemCommunicationTimeOut>
                    <bleSystemCommunicationRetryCount>3</bleSystemCommunicationRetryCount>
                    <bleCommunicationPreparationTimeOut>60</bleCommunicationPreparationTimeOut>
                    <bleDuplicateConnection>NO</bleDuplicateConnection>
                    <ogscWlCommandSendTimeOut>10</ogscWlCommandSendTimeOut>
                    <ogscWlCommandSendRetryCount>3</ogscWlCommandSendRetryCount>
                    <ogscConnectionCancelDelayTime>0</ogscConnectionCancelDelayTime>
                    <ogscTimeUpdateRule>0</ogscTimeUpdateRule>
                </osVer>
            </targetOS>
            <indexInfo>0x0E01,0x0E02,0x0E03,0x0E04,0x0E05</indexInfo>
            <order>108</order>
            <registScanMaxTimeout>60</registScanMaxTimeout>
            <registScanMinTimeout>5</registScanMinTimeout>
            <deviceScanTimeout>30</deviceScanTimeout>
            <deviceConnectTimeout>60</deviceConnectTimeout>
            <registrationType>0</registrationType>
        </device>
        
        <device id="108">
            <displayName>HeartGuide</displayName>
            <deviceType>HEM-6411T-MAE</deviceType>
            <category>0x0000</category>
            <standard>WLP</standard>
            <maxID>1</maxID>
            <deviceRegist>1</deviceRegist>
            <classifiedDeviceID>0x0000</classifiedDeviceID>
            <internalClassifiedDeviceID>0x0250</internalClassifiedDeviceID>
            <bleScanLocalName>^BLEsmart_00000250.*</bleScanLocalName>
            <bleChipName>putao</bleChipName>
            <sspMode>justworks</sspMode>
            <deviceHelp     >https://www.omronconnect.com/app2/faq_device/hem_6410t/*****/index.html</deviceHelp>
            <deviceHelpJapan>https://www.omronconnect.com/app2/faq_device/hem_6410t/*****/index.html</deviceHelpJapan>
            <language>
                <item>en-gb</item>
            </language>
            <pinCodeInput>No</pinCodeInput>
            <userInput>
                <birthDay>00</birthDay>
                <height>01</height>
                <weight>02</weight>
                <gender>00</gender>
                <walkStride>03</walkStride>
                <userArea>00</userArea>
                <bodyTemperatureAlarm>00</bodyTemperatureAlarm>
                <weightReductionTarget>00</weightReductionTarget>
            </userInput>
            <userInputRange>
                <height>
                    <min>100.0</min>
                    <max>199.0</max>
                    <unit>0x1002</unit>
                </height>
                <weight>
                    <min>9.97</min>
                    <max>136.08</max>
                    <unit>0x2003</unit>
                </weight>
                <walkStride>
                    <min>30</min>
                    <max>121.92</max>
                    <unit>0x1002</unit>
                </walkStride>
            </userInputRange>
            <setting>
                <name id="Sleep Alarm">
                    <order>001</order>
                </name>
                <name id="Sleep Format Time">
                    <order>002</order>
                </name>
                <name id="Sleep Auto Lighting">
                    <order>003</order>
                </name>
            </setting>
            <vitalData>
                <index id="0x0001">
                    <unit>0x5003</unit>
                    <order>1</order>
                </index>
                <index id="0x0002">
                    <unit>0x5003</unit>
                    <order>2</order>
                </index>
                <index id="0x0003">
                    <order>3</order>
                </index>
                <index id="0x0004">
                    <order>5</order>
                </index>
                <index id="0x0006">
                    <order>6</order>
                </index>
                <index id="0x0007">
                    <order>7</order>
                </index>
                <index id ="0x0201">
                    <unit>0xF060</unit>
                    <order>8</order>
                </index>
                <index id ="0x0202">
                    <unit>0xF060</unit>
                    <order>9</order>
                </index>
                <index id ="0x0221">
                    <unit>0x4003</unit>
                    <order>11</order>
                </index>
                <index id ="0x0240">
                    <unit>0x1003</unit>
                    <order>10</order>
                </index>
                <index id ="0x0402">
                    <unit>0xF040</unit>
                    <order>12</order>
                </index>
                <index id ="0x0403">
                    <unit>0xF040</unit>
                    <order>13</order>
                </index>
                <index id ="0x0404">
                    <unit>0xF040</unit>
                    <order>14</order>
                </index>
                <index id ="0x0405">
                    <unit>0xF090</unit>
                    <order>16</order>
                </index>
                <index id ="0x0406">
                    <unit>0xF040</unit>
                    <order>15</order>
                </index>
                <index id="0xF001">
                    <order>4</order>
                </index>
            </vitalData>
            <unitConvert>
                <fromUnit id="0x5010">
                    <toUnit id="0x5003">
                        <formula>            </formula>
                    </toUnit>
                </fromUnit>
                <fromUnit id="0x5003">
                    <toUnit id="0x5010">
                        <formula>            </formula>
                    </toUnit>
                </fromUnit>
            </unitConvert>
            <bgBle>No</bgBle>
            <targetOS type="Android">
                <osVer Ver="DEFAULT">
                    <bleConnectionTimeOut>0</bleConnectionTimeOut>
                    <bleFirstConnectionWaitTimeOut>500</bleFirstConnectionWaitTimeOut>
                    <bleSystemCommunicationTimeOut>10</bleSystemCommunicationTimeOut>
                    <bleSystemCommunicationRetryCount>3</bleSystemCommunicationRetryCount>
                    <bleCommunicationPreparationTimeOut>60</bleCommunicationPreparationTimeOut>
                    <bleDuplicateConnection>NO</bleDuplicateConnection>
                    <ogscWlCommandSendTimeOut>10</ogscWlCommandSendTimeOut>
                    <ogscWlCommandSendRetryCount>3</ogscWlCommandSendRetryCount>
                    <ogscConnectionCancelDelayTime>0</ogscConnectionCancelDelayTime>
                    <ogscTimeUpdateRule>0</ogscTimeUpdateRule>
                </osVer>
            </targetOS>
            <targetOS type="iOS">
                <osVer Ver="DEFAULT">
                    <bleConnectionTimeOut>0</bleConnectionTimeOut>
                    <bleFirstConnectionWaitTimeOut>500</bleFirstConnectionWaitTimeOut>
                    <bleSystemCommunicationTimeOut>10</bleSystemCommunicationTimeOut>
                    <bleSystemCommunicationRetryCount>3</bleSystemCommunicationRetryCount>
                    <bleCommunicationPreparationTimeOut>60</bleCommunicationPreparationTimeOut>
                    <bleDuplicateConnection>NO</bleDuplicateConnection>
                    <ogscWlCommandSendTimeOut>10</ogscWlCommandSendTimeOut>
                    <ogscWlCommandSendRetryCount>3</ogscWlCommandSendRetryCount>
                    <ogscConnectionCancelDelayTime>0</ogscConnectionCancelDelayTime>
                    <ogscTimeUpdateRule>0</ogscTimeUpdateRule>
                </osVer>
            </targetOS>
            <indexInfo>0x0001,0x0002,0x0003,0xF001,0x0201,0x0221,0x0240,0x0404,0x0405,0x0406</indexInfo>
            <order>034</order>
            <registScanMaxTimeout>60</registScanMaxTimeout>
            <registScanMinTimeout>5</registScanMinTimeout>
            <deviceScanTimeout>30</deviceScanTimeout>
            <deviceConnectTimeout>60</deviceConnectTimeout>
        </device>
        
	</data>
</body>
