<?xml version="1.0" encoding="UTF-8"?>
<body>
    <header>
        <lastUpdateDate>
            2018/04/24 00:00:00
        </lastUpdateDate>
        <fileVer>
            001_003_00001
        </fileVer>
    </header>
    
    <data>
        <devices>
            <device id="013">
                <modelName>BP7000</modelName>
                <modelDisplayName>BP7000</modelDisplayName>
                <modelSeries>EVOLV</modelSeries>
                <noOfUsers>1</noOfUsers>
                <category>0x0000</category>
                <deviceGroupIDKey>0x0000</deviceGroupIDKey>
                <deviceGroupIncludedGroupIDKey>0x011F</deviceGroupIncludedGroupIDKey>
                <identifier>HEM-7600T-Z</identifier>
                <deviceProtocol>OMRONWLPProtocol</deviceProtocol>
                <image>OmronConnectivityLibraryAssets.bundle/bp7000.png</image>
                <thumbnail>OmronConnectivityLibraryAssets.bundle/bp7000_thumbnail.png</thumbnail>
            </device>
            <device id="014">
                <modelName>BP786N</modelName>
                <modelDisplayName>BP786N</modelDisplayName>
                <modelSeries>10 Series Upper Arm</modelSeries>
                <noOfUsers>2</noOfUsers>
                <category>0x0000</category>
                <deviceGroupIDKey>0x0000</deviceGroupIDKey>
                <deviceGroupIncludedGroupIDKey>0x011B</deviceGroupIncludedGroupIDKey>
                <identifier>HEM-7321T-ZV</identifier>
                <deviceProtocol>OMRONWLPProtocol</deviceProtocol>
                <image>OmronConnectivityLibraryAssets.bundle/bp786n_can.png</image>
                <thumbnail>OmronConnectivityLibraryAssets.bundle/bp786n_can_thumbnail.png</thumbnail>
            </device>
            <device id="015">
                <modelName>BP786CANN</modelName>
                <modelDisplayName>BP786CANN</modelDisplayName>
                <modelSeries>10 Series Upper Arm</modelSeries>
                <noOfUsers>2</noOfUsers>
                <category>0x0000</category>
                <deviceGroupIDKey>0x0000</deviceGroupIDKey>
                <deviceGroupIncludedGroupIDKey>0x011D</deviceGroupIncludedGroupIDKey>
                <identifier>HEM-7321T-CA</identifier>
                <deviceProtocol>OMRONWLPProtocol</deviceProtocol>
                <image>OmronConnectivityLibraryAssets.bundle/bp786n_can.png</image>
                <thumbnail>OmronConnectivityLibraryAssets.bundle/bp786n_can_thumbnail.png</thumbnail>
            </device>
            <device id="016">
                <modelName>BP761N</modelName>
                <modelDisplayName>BP761N</modelDisplayName>
                <modelSeries>7 Series Upper Arm</modelSeries>
                <noOfUsers>2</noOfUsers>
                <category>0x0000</category>
                <deviceGroupIDKey>0x0000</deviceGroupIDKey>
                <deviceGroupIncludedGroupIDKey>0x011C</deviceGroupIncludedGroupIDKey>
                <identifier>HEM-7320T-ZV</identifier>
                <deviceProtocol>OMRONWLPProtocol</deviceProtocol>
                <image>OmronConnectivityLibraryAssets.bundle/bp761n_can.png</image>
                <thumbnail>OmronConnectivityLibraryAssets.bundle/bp761n_can_thumbnail.png</thumbnail>
            </device>
            <device id="017">
                <modelName>BP761CANN</modelName>
                <modelDisplayName>BP761CANN</modelDisplayName>
                <modelSeries>7 Series Upper Arm</modelSeries>
                <noOfUsers>2</noOfUsers>
                <category>0x0000</category>
                <deviceGroupIDKey>0x0000</deviceGroupIDKey>
                <deviceGroupIncludedGroupIDKey>0x011E</deviceGroupIncludedGroupIDKey>
                <identifier>HEM-7320T-CA</identifier>
                <deviceProtocol>OMRONWLPProtocol</deviceProtocol>
                <image>OmronConnectivityLibraryAssets.bundle/bp761n_can.png</image>
                <thumbnail>OmronConnectivityLibraryAssets.bundle/bp761n_can_thumbnail.png</thumbnail>
            </device>
            <device id="018">
                <modelName>BP786|CAN</modelName>
                <modelDisplayName>BP786|CAN</modelDisplayName>
                <modelSeries>10 Series Upper Arm</modelSeries>
                <noOfUsers>2</noOfUsers>
                <category>0x0000</category>
                <deviceGroupIDKey>0x0000</deviceGroupIDKey>
                <deviceGroupIncludedGroupIDKey>0x0110</deviceGroupIncludedGroupIDKey>
                <identifier>HEM-7321T_TI-Z|HEM-7321T_TI-CA</identifier>
                <deviceProtocol>OMRONWLPProtocol</deviceProtocol>
                <image>OmronConnectivityLibraryAssets.bundle/bp786_can.png</image>
                <thumbnail>OmronConnectivityLibraryAssets.bundle/bp786_can_thumbnail.png</thumbnail>
            </device>
            <device id="019">
                <modelName>BP786|CAN</modelName>
                <modelDisplayName>BP786|CAN</modelDisplayName>
                <modelSeries>10 Series Upper Arm</modelSeries>
                <noOfUsers>2</noOfUsers>
                <category>0x0000</category>
                <deviceGroupIDKey>0x0000</deviceGroupIDKey>
                <deviceGroupIncludedGroupIDKey>0x0110</deviceGroupIncludedGroupIDKey>
                <identifier>HEM-7321T_TI-Z|HEM-7321T_TI-CA</identifier>
                <deviceProtocol>OMRONWLPProtocol</deviceProtocol>
                <image>OmronConnectivityLibraryAssets.bundle/bp786_can.png</image>
                <thumbnail>OmronConnectivityLibraryAssets.bundle/bp786_can_thumbnail.png</thumbnail>
            </device>
            <device id="020">
                <modelName>BP761|CAN</modelName>
                <modelDisplayName>BP761|CAN</modelDisplayName>
                <modelSeries>7 Series Upper Arm</modelSeries>
                <noOfUsers>2</noOfUsers>
                <category>0x0000</category>
                <deviceGroupIDKey>0x0000</deviceGroupIDKey>
                <deviceGroupIncludedGroupIDKey>0x0111</deviceGroupIncludedGroupIDKey>
                <identifier>HEM-7320T_TI-Z|HEM-7320T_TI-CA</identifier>
                <deviceProtocol>OMRONWLPProtocol</deviceProtocol>
                <image>OmronConnectivityLibraryAssets.bundle/bp761_can.png</image>
                <thumbnail>OmronConnectivityLibraryAssets.bundle/bp761_can_thumbnail.png</thumbnail>
            </device>
            <device id="021">
                <modelName>BP761|CAN</modelName>
                <modelDisplayName>BP761|CAN</modelDisplayName>
                <modelSeries>7 Series Upper Arm</modelSeries>
                <noOfUsers>2</noOfUsers>
                <category>0x0000</category>
                <deviceGroupIDKey>0x0000</deviceGroupIDKey>
                <deviceGroupIncludedGroupIDKey>0x0111</deviceGroupIncludedGroupIDKey>
                <identifier>HEM-7320T_TI-Z|HEM-7320T_TI-CA</identifier>
                <deviceProtocol>OMRONWLPProtocol</deviceProtocol>
                <image>OmronConnectivityLibraryAssets.bundle/bp761_can.png</image>
                <thumbnail>OmronConnectivityLibraryAssets.bundle/bp761_can_thumbnail.png</thumbnail>
            </device>
            <device id="022">
                <modelName>BP654</modelName>
                <modelDisplayName>BP654</modelDisplayName>
                <modelSeries>7 Series Wrist</modelSeries>
                <noOfUsers>1</noOfUsers>
                <category>0x0000</category>
                <deviceGroupIDKey>0x0000</deviceGroupIDKey>
                <deviceGroupIncludedGroupIDKey>0x0119</deviceGroupIncludedGroupIDKey>
                <identifier>HEM-6320T-Z</identifier>
                <deviceProtocol>OMRONWLPProtocol</deviceProtocol>
                <image>OmronConnectivityLibraryAssets.bundle/bp654.png</image>
                <thumbnail>OmronConnectivityLibraryAssets.bundle/bp654_thumbnail.png</thumbnail>
            </device>
            <device id="023">
                <modelName>BP653</modelName>
                <modelDisplayName>BP653</modelDisplayName>
                <modelSeries>10 Series Wrist</modelSeries>
                <noOfUsers>2</noOfUsers>
                <category>0x0000</category>
                <deviceGroupIDKey>0x0000</deviceGroupIDKey>
                <deviceGroupIncludedGroupIDKey>0x0118</deviceGroupIncludedGroupIDKey>
                <identifier>HEM-6321T-Z</identifier>
                <deviceProtocol>OMRONWLPProtocol</deviceProtocol>
                <image>OmronConnectivityLibraryAssets.bundle/bp653.png</image>
                <thumbnail>OmronConnectivityLibraryAssets.bundle/bp653_thumbnail.png</thumbnail>
            </device>
            <device id="024">
                <modelName>HJ-327T</modelName>
                <modelDisplayName>HJ-327T</modelDisplayName>
                <modelSeries>HJ-327T</modelSeries>
                <noOfUsers>1</noOfUsers>
                <category>0x0002</category>
                <deviceGroupIDKey>0x0002</deviceGroupIDKey>
                <deviceGroupIncludedGroupIDKey>0x0005</deviceGroupIncludedGroupIDKey>
                <identifier>HJ-327T</identifier>
                <deviceProtocol>OMRONWLPProtocol</deviceProtocol>
                <image>OmronConnectivityLibraryAssets.bundle/hj327.png</image>
                <thumbnail>OmronConnectivityLibraryAssets.bundle/hj327_thumbnail.png</thumbnail>
            </device>
            <device id="039">
                <modelName>BP6000</modelName>
                <modelDisplayName>BP6000</modelDisplayName>
                <modelSeries>HeartVue</modelSeries>
                <noOfUsers>1</noOfUsers>
                <category>0x0002</category>
                <deviceGroupIDKey>0x0000</deviceGroupIDKey>
                <deviceGroupIncludedGroupIDKey>0x0120</deviceGroupIncludedGroupIDKey>
                <identifier>HEM-6401T-Z</identifier>
                <deviceProtocol>OMRONWLPProtocol</deviceProtocol>
                <image>OmronConnectivityLibraryAssets.bundle/bp6000.png</image>
                <thumbnail>OmronConnectivityLibraryAssets.bundle/bp6000_thumbnail.png</thumbnail>
            </device>
            <device id="040">
                <modelName>BP6001</modelName>
                <modelDisplayName>BP6001</modelDisplayName>
                <modelSeries>HeartVue</modelSeries>
                <noOfUsers>1</noOfUsers>
                <category>0x0002</category>
                <deviceGroupIDKey>0x0000</deviceGroupIDKey>
                <deviceGroupIncludedGroupIDKey>0x014A</deviceGroupIncludedGroupIDKey>
                <identifier>HEM-6402T-Z</identifier>
                <deviceProtocol>OMRONWLPProtocol</deviceProtocol>
                <image>OmronConnectivityLibraryAssets.bundle/bp6000.png</image>
                <thumbnail>OmronConnectivityLibraryAssets.bundle/bp6000_thumbnail.png</thumbnail>
            </device>
            <device id="041">
                <modelName>EVOLV</modelName>
                <modelDisplayName>EVOLV</modelDisplayName>
                <modelSeries>EVOLV</modelSeries>
                <noOfUsers>1</noOfUsers>
                <category>0x0000</category>
                <deviceGroupIDKey>0x0000</deviceGroupIDKey>
                <deviceGroupIncludedGroupIDKey>0x021F</deviceGroupIncludedGroupIDKey>
                <identifier>HEM-7600T-E</identifier>
                <deviceProtocol>OMRONWLPProtocol</deviceProtocol>
                <image>OmronConnectivityLibraryAssets.bundle/evolv.png</image>
                <thumbnail>OmronConnectivityLibraryAssets.bundle/evolv_thumbnail.png</thumbnail>
            </device>
            <device id="044">
                <modelName>BP769CAN</modelName>
                <modelDisplayName>BP769CAN</modelDisplayName>
                <modelSeries>7 Series Upper Arm</modelSeries>
                <noOfUsers>2</noOfUsers>
                <category>0x0000</category>
                <deviceGroupIDKey>0x0000</deviceGroupIDKey>
                <deviceGroupIncludedGroupIDKey>0x0149</deviceGroupIncludedGroupIDKey>
                <identifier>HEM-7320T-CACS</identifier>
                <deviceProtocol>OMRONWLPProtocol</deviceProtocol>
                <image>OmronConnectivityLibraryAssets.bundle/bp769can.png</image>
                <thumbnail>OmronConnectivityLibraryAssets.bundle/bp769can_thumbnail.png</thumbnail>
            </device>
            <device id="067">
                <modelName>BP6100</modelName>
                <modelDisplayName>BP6100</modelDisplayName>
                <modelSeries>HeartGuide™</modelSeries>
                <noOfUsers>1</noOfUsers>
                <category>0x0002</category>
                <deviceGroupIDKey>0x0000</deviceGroupIDKey>
                <deviceGroupIncludedGroupIDKey>0x0150</deviceGroupIncludedGroupIDKey>
                <identifier>HEM-6410T-Z</identifier>
                <deviceProtocol>OMRONWLPProtocol</deviceProtocol>
                <image>OmronConnectivityLibraryAssets.bundle/bp8000.png</image>
                <thumbnail>OmronConnectivityLibraryAssets.bundle/bp8000_thumbnail.png</thumbnail>
            </device>
            <device id="0670">
                <modelName>HCR-6900T</modelName>
                <modelDisplayName>HCR-6900T</modelDisplayName>
                <modelSeries>HeartGuide</modelSeries>
                <noOfUsers>1</noOfUsers>
                <category>0x0002</category>
                <deviceGroupIDKey>0x0000</deviceGroupIDKey>
                <deviceGroupIncludedGroupIDKey>0x0050</deviceGroupIncludedGroupIDKey>
                <identifier>HCR-6900T-M</identifier>
                <deviceProtocol>OMRONWLPProtocol</deviceProtocol>
                <image>OmronConnectivityLibraryAssets.bundle/bp8000.png</image>
                <thumbnail>OmronConnectivityLibraryAssets.bundle/bp8000_thumbnail.png</thumbnail>
            </device>
            <device id="078">
                <modelName>BP7900</modelName>
                <modelDisplayName>BP7900</modelDisplayName>
                <modelSeries>Complete™</modelSeries>
                <noOfUsers>1</noOfUsers>
                <category>0x0000</category>
                <deviceGroupIDKey>0x0000</deviceGroupIDKey>
                <deviceGroupIncludedGroupIDKey>0x0151</deviceGroupIncludedGroupIDKey>
                <identifier>HEM-7530T-Z</identifier>
                <deviceProtocol>OMRONWLPProtocol</deviceProtocol>
                <image>OmronConnectivityLibraryAssets.bundle/bp7900.png</image>
                <thumbnail>OmronConnectivityLibraryAssets.bundle/bp7900_thumbnail.png</thumbnail>
            </device>
            <device id="079">
                <modelName>BP6350</modelName>
                <modelDisplayName>BP6350</modelDisplayName>
                <modelSeries>7 Series Wrist</modelSeries>
                <noOfUsers>1</noOfUsers>
                <category>0x0000</category>
                <deviceGroupIDKey>0x0000</deviceGroupIDKey>
                <deviceGroupIncludedGroupIDKey>0x014B</deviceGroupIncludedGroupIDKey>
                <identifier>HEM-6231T-Z</identifier>
                <deviceProtocol>OMRONWLPProtocol</deviceProtocol>
                <image>OmronConnectivityLibraryAssets.bundle/bp6350.png</image>
                <thumbnail>OmronConnectivityLibraryAssets.bundle/bp6350_thumbnail.png</thumbnail>
            </device>
            <device id="080">
                <modelName>BP4350</modelName>
                <modelDisplayName>BP4350</modelDisplayName>
                <modelSeries>Wrist Blood Pressure Monitor</modelSeries>
                <noOfUsers>2</noOfUsers>
                <category>0x0000</category>
                <deviceGroupIDKey>0x0000</deviceGroupIDKey>
                <deviceGroupIncludedGroupIDKey>0x0144</deviceGroupIncludedGroupIDKey>
                <identifier>HEM-6232T-Z</identifier>
                <deviceProtocol>OMRONWLPProtocol</deviceProtocol>
                <image>OmronConnectivityLibraryAssets.bundle/bp4350.png</image>
                <thumbnail>OmronConnectivityLibraryAssets.bundle/bp4350_thumbnail.png</thumbnail>
            </device>
            <device id="083">
                <modelName>BP7250</modelName>
                <modelDisplayName>BP7250</modelDisplayName>
                <modelSeries>5 Series Upper Arm</modelSeries>
                <noOfUsers>1</noOfUsers>
                <category>0x0000</category>
                <deviceGroupIDKey>0x0000</deviceGroupIDKey>
                <deviceGroupIncludedGroupIDKey>0x0154</deviceGroupIncludedGroupIDKey>
                <identifier>HEM-7150T-Z</identifier>
                <deviceProtocol>OMRONWLPProtocol</deviceProtocol>
                <image>OmronConnectivityLibraryAssets.bundle/bp7250.png</image>
                <thumbnail>OmronConnectivityLibraryAssets.bundle/bp7250_thumbnail.png</thumbnail>
            </device>
            <device id="084">
                <modelName>BP7350</modelName>
                <modelDisplayName>BP7350</modelDisplayName>
                <modelSeries>7 Series Upper Arm</modelSeries>
                <noOfUsers>2</noOfUsers>
                <category>0x0000</category>
                <deviceGroupIDKey>0x0000</deviceGroupIDKey>
                <deviceGroupIncludedGroupIDKey>0x0153</deviceGroupIncludedGroupIDKey>
                <identifier>HEM-7340T-Z</identifier>
                <deviceProtocol>OMRONWLPProtocol</deviceProtocol>
                <image>OmronConnectivityLibraryAssets.bundle/bp7350.png</image>
                <thumbnail>OmronConnectivityLibraryAssets.bundle/bp7350_thumbnail.png</thumbnail>
            </device>
            <device id="085">
                <modelName>BP7450</modelName>
                <modelDisplayName>BP7450</modelDisplayName>
                <modelSeries>10 Series Upper Arm</modelSeries>
                <noOfUsers>2</noOfUsers>
                <category>0x0000</category>
                <deviceGroupIDKey>0x0000</deviceGroupIDKey>
                <deviceGroupIncludedGroupIDKey>0x0152</deviceGroupIncludedGroupIDKey>
                <identifier>HEM-7342T-Z</identifier>
                <deviceProtocol>OMRONWLPProtocol</deviceProtocol>
                <image>OmronConnectivityLibraryAssets.bundle/bp7450.png</image>
                <thumbnail>OmronConnectivityLibraryAssets.bundle/bp7450_thumbnail.png</thumbnail>
            </device>
            <device id="086">
                <modelName>BCM-500</modelName>
                <modelDisplayName>BCM-500</modelDisplayName>
                <modelSeries>BCM</modelSeries>
                <noOfUsers>4</noOfUsers>
                <category>0x0001</category>
                <deviceGroupIDKey>0x0001</deviceGroupIDKey>
                <deviceGroupIncludedGroupIDKey>0x0110</deviceGroupIncludedGroupIDKey>
                <identifier>HBF-222T_Z</identifier>
                <deviceProtocol>OMRONWLPProtocol</deviceProtocol>
                <image>OmronConnectivityLibraryAssets.bundle/bcm500.png</image>
                <thumbnail>OmronConnectivityLibraryAssets.bundle/bcm500_thumbnail.png</thumbnail>
            </device>
            <device id="088">
                <modelName>BP5250</modelName>
                <modelDisplayName>BP5250</modelDisplayName>
                <modelSeries>Silver</modelSeries>
                <noOfUsers>1</noOfUsers>
                <category>0x0000</category>
                <deviceGroupIDKey>0x0000</deviceGroupIDKey>
                <deviceGroupIncludedGroupIDKey>0x0160</deviceGroupIncludedGroupIDKey>
                <identifier>HEM-7151T-Z</identifier>
                <deviceProtocol>OMRONWLPProtocol</deviceProtocol>
                <image>OmronConnectivityLibraryAssets.bundle/bp5250.png</image>
                <thumbnail>OmronConnectivityLibraryAssets.bundle/bp5250_thumbnail.png</thumbnail>
            </device>
            <device id="089">
                <modelName>BP5350</modelName>
                <modelDisplayName>BP5350</modelDisplayName>
                <modelSeries>Gold</modelSeries>
                <noOfUsers>2</noOfUsers>
                <category>0x0000</category>
                <deviceGroupIDKey>0x0000</deviceGroupIDKey>
                <deviceGroupIncludedGroupIDKey>0x015E</deviceGroupIncludedGroupIDKey>
                <identifier>HEM-7341T-Z</identifier>
                <deviceProtocol>OMRONWLPProtocol</deviceProtocol>
                <image>OmronConnectivityLibraryAssets.bundle/bp5350.png</image>
                <thumbnail>OmronConnectivityLibraryAssets.bundle/bp5350_thumbnail.png</thumbnail>
            </device>
            <device id="090">
                <modelName>BP5450</modelName>
                <modelDisplayName>BP5450</modelDisplayName>
                <modelSeries>Platinum</modelSeries>
                <noOfUsers>2</noOfUsers>
                <category>0x0000</category>
                <deviceGroupIDKey>0x0000</deviceGroupIDKey>
                <deviceGroupIncludedGroupIDKey>0x015F</deviceGroupIncludedGroupIDKey>
                <identifier>HEM-7343T-Z</identifier>
                <deviceProtocol>OMRONWLPProtocol</deviceProtocol>
                <image>OmronConnectivityLibraryAssets.bundle/bp5450.png</image>
                <thumbnail>OmronConnectivityLibraryAssets.bundle/bp5450_thumbnail.png</thumbnail>
            </device>
            <device id="105">
                <modelName>BP7250CAN</modelName>
                <modelDisplayName>BP7250CAN</modelDisplayName>
                <modelSeries>5 Series Upper Arm</modelSeries>
                <noOfUsers>1</noOfUsers>
                <category>0x0000</category>
                <deviceGroupIDKey>0x0000</deviceGroupIDKey>
                <deviceGroupIncludedGroupIDKey>0x0163</deviceGroupIncludedGroupIDKey>
                <identifier>HEM-7150T-CA</identifier>
                <deviceProtocol>OMRONWLPProtocol</deviceProtocol>
                <image>OmronConnectivityLibraryAssets.bundle/bp7250.png</image>
                <thumbnail>OmronConnectivityLibraryAssets.bundle/bp7250_thumbnail.png</thumbnail>
            </device>
            <device id="106">
                <modelName>BP7350CAN</modelName>
                <modelDisplayName>BP7350CAN</modelDisplayName>
                <modelSeries>7 Series Upper Arm</modelSeries>
                <noOfUsers>2</noOfUsers>
                <category>0x0000</category>
                <deviceGroupIDKey>0x0000</deviceGroupIDKey>
                <deviceGroupIncludedGroupIDKey>0x0161</deviceGroupIncludedGroupIDKey>
                <identifier>HEM-7340T-CA</identifier>
                <deviceProtocol>OMRONWLPProtocol</deviceProtocol>
                <image>OmronConnectivityLibraryAssets.bundle/bp7350.png</image>
                <thumbnail>OmronConnectivityLibraryAssets.bundle/bp7350_thumbnail.png</thumbnail>
            </device>
            <device id="107">
                <modelName>BP7450CAN</modelName>
                <modelDisplayName>BP7450CAN</modelDisplayName>
                <modelSeries>10 Series Upper Arm</modelSeries>
                <noOfUsers>2</noOfUsers>
                <category>0x0000</category>
                <deviceGroupIDKey>0x0000</deviceGroupIDKey>
                <deviceGroupIncludedGroupIDKey>0x0162</deviceGroupIncludedGroupIDKey>
                <identifier>HEM-7342T-CA</identifier>
                <deviceProtocol>OMRONWLPProtocol</deviceProtocol>
                <image>OmronConnectivityLibraryAssets.bundle/bp7450.png</image>
                <thumbnail>OmronConnectivityLibraryAssets.bundle/bp7450_thumbnail.png</thumbnail>
            </device>
            <device id="108">
                <modelName>HeartGuide</modelName>
                <modelDisplayName>HeartGuide</modelDisplayName>
                <modelSeries>HeartGuide</modelSeries>
                <noOfUsers>1</noOfUsers>
                <category>0x0002</category>
                <deviceGroupIDKey>0x0000</deviceGroupIDKey>
                <deviceGroupIncludedGroupIDKey>0x0250</deviceGroupIncludedGroupIDKey>
                <identifier>HEM-6411T-MAE</identifier>
                <deviceProtocol>OMRONWLPProtocol</deviceProtocol>
                <image>OmronConnectivityLibraryAssets.bundle/bp8000.png</image>
                <thumbnail>OmronConnectivityLibraryAssets.bundle/bp8000_thumbnail.png</thumbnail>
            </device>
            <device id="274">
                <modelName>SC-150</modelName>
                <modelDisplayName>SC-150</modelDisplayName>
                <modelSeries>Scale</modelSeries>
                <noOfUsers>1</noOfUsers>
                <category>0x0001</category>
                <deviceGroupIDKey>0x0001</deviceGroupIDKey>
                <deviceGroupIncludedGroupIDKey>0x0112</deviceGroupIncludedGroupIDKey>
                <identifier>HN-300T2-Z</identifier>
                <deviceProtocol>OMRONWLPProtocol</deviceProtocol>
                <image>OmronConnectivityLibraryAssets.bundle/sc_150.png</image>
                <thumbnail>OmronConnectivityLibraryAssets.bundle/sc_150_thumbnail.png</thumbnail>
            </device>
            <device id="300">
                <modelName>BP300</modelName>
                <modelDisplayName>BP300</modelDisplayName>
                <modelSeries>7400RELN</modelSeries>
                <noOfUsers>2</noOfUsers>
                <category>0x0000</category>
                <deviceGroupIDKey>0x0000</deviceGroupIDKey>
                <deviceGroupIncludedGroupIDKey>0x0117</deviceGroupIncludedGroupIDKey>
                <identifier>HEM-8725T-WM</identifier>
                <deviceProtocol>OMRONWLPProtocol</deviceProtocol>
                <image>OmronConnectivityLibraryAssets.bundle/bp300.png</image>
                <thumbnail>OmronConnectivityLibraryAssets.bundle/bp300_thumbnail.png</thumbnail>
            </device>
            <device id="395">
                <modelName>BP7455CAN</modelName>
                <modelDisplayName>BP7455CAN</modelDisplayName>
                <modelSeries>10 Series Upper Arm</modelSeries>
                <noOfUsers>2</noOfUsers>
                <category>0x0000</category>
                <deviceGroupIDKey>0x0000</deviceGroupIDKey>
                <deviceGroupIncludedGroupIDKey>0x018B</deviceGroupIncludedGroupIDKey>
                <identifier>HEM-7342T1-ACACD6</identifier>
                <deviceProtocol>OMRONWLPProtocol</deviceProtocol>
                <image>OmronConnectivityLibraryAssets.bundle/bp7450.png</image>
                <thumbnail>OmronConnectivityLibraryAssets.bundle/bp7450_thumbnail.png</thumbnail>
            </device>
        </devices>
    </data>
</body>
