<?xml version="1.0" encoding="UTF-8"?>
<body>
	<header>
		<lastUpdateDate>
			2019/07/02 00:00:00
		</lastUpdateDate>
		<fileVer>
			001_007_00000
		</fileVer>
		<residentArea>
			4001
		</residentArea>
	</header>

	<data>
		<contact>OHI_Address@aaaa.com</contact>
		<contactEmailBodyResId>msg0020360</contactEmailBodyResId>
		<language>
			<item default="Yes">en-gb</item>
		</language>
		<contentLanguage>
			<item default="Yes">en-gb</item>
		</contentLanguage>
		<info>
			<infoUrl>_</infoUrl>
			<infoData>_</infoData>
		</info>
		<cloudInfo>
			<cloudUrl>https://data-us.omronconnect.com/api</cloudUrl>
			<appID>9692189c</appID>
			<appKey>1674d5138df806602fa478735424152f</appKey>
			<timeout>3</timeout>
			<accountType>1</accountType>
			<countryCode>+1</countryCode>
		</cloudInfo>
		<termsOfUse>
			<termsOfUseVer ver="001_000_00000">_</termsOfUseVer>
			<en-gb_body>The Terms of Use has been updated. Please confirm the new terms.</en-gb_body>
		</termsOfUse>
		<termsOfUse_Cloud>
			<termsOfUseCVer ver="001_000_00000">_</termsOfUseCVer>
			<en-gb_body>The Terms of Use has been updated. Please confirm the new terms.</en-gb_body>
		</termsOfUse_Cloud>
		<privacyPolicy needAgree="No">
			<privacyPolicyVer ver="001_000_00000">_</privacyPolicyVer>
		</privacyPolicy>
		<userInputDefault>
			<height>0x1002</height>
			<weight>0x2003</weight>
		</userInputDefault>
		<userInputRange>
			<height>
				<unit>0x1002</unit>
				<min>100.0</min>
				<max>300.0</max>
				<default>160.0</default>
			</height>
			<height>
				<unit>0x1040</unit>
				<min>3'0"</min>
				<max>9'0"</max>
				<default>5'3"</default>
			</height>
			<weight>
				<unit>0x2003</unit>
				<min>2.00</min>
				<max>400.00</max>
				<default>50.00</default>
			</weight>
			<weight>
				<unit>0x2010</unit>
				<min>5.00</min>
				<max>880.00</max>
				<default>110.00</default>
			</weight>
			<walkStride>
				<unit>0x1002</unit>
				<min>30.0</min>
				<max>120.0</max>
			</walkStride>
			<walkStride>
				<unit>0x1030</unit>
				<min>12"</min>
				<max>48"</max>
			</walkStride>
		</userInputRange>
		<appSetting>
			<distance>0x1003</distance>
			<weight>0x2003</weight>
			<height>0x1002</height>
			<bloodPressure>0x5010</bloodPressure>
			<bloodGlucose>0x6011</bloodGlucose>
			<firstday>1</firstday>
			<networkSetting>2</networkSetting>
			<temperature>0x3000</temperature>
		</appSetting>
		<backup>60</backup>
		<mailAttachedType>0</mailAttachedType>
		<startUpUrl>http://52.70.246.231/#/?device=mobile</startUpUrl>

		<!-- 25mm Notification 設定-->
        <incomingNotify id="def">
            <targetOS type="iOS">
                <notify id="001">
                    <name item="en-gb" default="Yes"><![CDATA[TEL]]></name>
                    <identifier><![CDATA[com.apple.mobilephone]]></identifier>
                    <appPackageName><![CDATA[]]></appPackageName>
                    <category>0x01</category>
                    <priorityText><![CDATA[]]></priorityText>
                    <notifyEnable>Yes</notifyEnable>
                    <order>001</order>
                </notify>
                <notify id="002" >
                    <name item="en-gb" default="Yes"><![CDATA[Gmail]]></name>
                    <identifier><![CDATA[com.google.Gmail]]></identifier>
                    <appPackageName><![CDATA[]]></appPackageName>
                    <category>0x02</category>
                    <priorityText><![CDATA[]]></priorityText>
                    <notifyEnable>Yes</notifyEnable>
                    <order>002</order>
                </notify>
                <notify id="003" >
                    <name item="en-gb" default="Yes"><![CDATA[SMS]]></name>
                    <identifier><![CDATA[com.apple.MobileSMS]]></identifier>
                    <appPackageName><![CDATA[]]></appPackageName>
                    <category>0x03</category>
                    <priorityText><![CDATA[]]></priorityText>
                    <notifyEnable>Yes</notifyEnable>
                    <order>003</order>
                </notify>
                <notify id="004" >
                    <name item="en-gb" default="Yes"><![CDATA[Mail]]></name>
                    <identifier><![CDATA[com.apple.mobilemail]]></identifier>
                    <appPackageName><![CDATA[]]></appPackageName>
                    <category>0x02</category>
                    <priorityText><![CDATA[]]></priorityText>
                    <notifyEnable>No</notifyEnable>
                    <order>004</order>
                </notify>
                <notify id="005" >
                    <name item="en-gb" default="Yes"><![CDATA[HeartAdvisor]]></name>
                    <identifier><![CDATA[com.omronhealthcare.heartadvisor]]></identifier>
                    <appPackageName><![CDATA[]]></appPackageName>
                    <category>0xFF</category>
                    <priorityText><![CDATA[HeartAdvisor]]></priorityText>
                    <notifyEnable>Yes</notifyEnable>
                    <order>005</order>
                </notify>
            </targetOS>
        </incomingNotify>
	</data>
</body>
